UNB3_345,IAT+SIZE,header_False,OCSVM(rbf),tuning_False,94.23 +/- 1.66,0.00 +/- 0.00,19.20 +/- 0.13,0.60 +/- 0.01,1761.21 +/- 0.17
UNB3_345,IAT+SIZE,header_False,OCSVM(rbf),tuning_True,93.93 +/- 4.75,0.00 +/- 0.00,19.84 +/- 0.16,0.67 +/- 0.01,1763.53 +/- 0.45
UNB3_345,IAT+SIZE,header_False,KJL-OCSVM(linear),tuning_False,2.17 +/- 0.04,nan +/- nan,4.06 +/- 0.03,0.95 +/- 0.07,6.31 +/- 0.00
UNB3_345,IAT+SIZE,header_False,KJL-OCSVM(linear),tuning_True,0.17 +/- 0.01,nan +/- nan,4.18 +/- 0.03,1.12 +/- 0.10,6.29 +/- 0.00
UNB3_345,IAT+SIZE,header_False,Nystrom-OCSVM(linear),tuning_False,2.01 +/- 0.04,nan +/- nan,4.06 +/- 0.03,0.97 +/- 0.01,6.30 +/- 0.00
UNB3_345,IAT+SIZE,header_False,Nystrom-OCSVM(linear),tuning_True,2.03 +/- 0.10,nan +/- nan,4.18 +/- 0.03,1.09 +/- 0.07,6.31 +/- 0.00
UNB3_345,IAT+SIZE,header_False,KJL-GMM(full),tuning_False,3.12 +/- 0.06,nan +/- nan,32.25 +/- 0.22,1.41 +/- 0.08,44.75 +/- 0.00
UNB3_345,IAT+SIZE,header_False,KJL-GMM(full),tuning_True,2.75 +/- 0.14,nan +/- nan,28.80 +/- 0.23,1.36 +/- 0.04,42.55 +/- 0.01
UNB3_345,IAT+SIZE,header_False,KJL-GMM(diag),tuning_False,3.34 +/- 0.06,nan +/- nan,32.69 +/- 0.23,0.36 +/- 0.17,44.93 +/- 0.00
UNB3_345,IAT+SIZE,header_False,KJL-GMM(diag),tuning_True,2.81 +/- 0.14,nan +/- nan,30.68 +/- 0.25,1.38 +/- 0.02,43.79 +/- 0.01
UNB3_345,IAT+SIZE,header_False,Nystrom-GMM(full),tuning_False,3.16 +/- 0.06,nan +/- nan,33.59 +/- 0.23,1.45 +/- 0.04,44.73 +/- 0.00
UNB3_345,IAT+SIZE,header_False,Nystrom-GMM(full),tuning_True,3.14 +/- 0.16,nan +/- nan,28.31 +/- 0.23,1.41 +/- 0.02,42.79 +/- 0.01
UNB3_345,IAT+SIZE,header_False,Nystrom-GMM(diag),tuning_False,3.23 +/- 0.06,nan +/- nan,32.72 +/- 0.23,1.44 +/- 0.04,44.92 +/- 0.00
UNB3_345,IAT+SIZE,header_False,Nystrom-GMM(diag),tuning_True,2.86 +/- 0.14,nan +/- nan,29.63 +/- 0.24,1.39 +/- 0.02,43.32 +/- 0.01
UNB3_345,IAT+SIZE,header_False,KJL-QS-GMM(full),tuning_False,1.32 +/- 0.02,nan +/- nan,25.80 +/- 0.18,1.49 +/- 0.02,41.30 +/- 0.00
UNB3_345,IAT+SIZE,header_False,KJL-QS-GMM(full),tuning_True,1.36 +/- 0.07,nan +/- nan,26.33 +/- 0.21,1.33 +/- 0.02,41.36 +/- 0.01
UNB3_345,IAT+SIZE,header_False,KJL-QS-GMM(diag),tuning_False,1.38 +/- 0.02,nan +/- nan,29.32 +/- 0.20,1.52 +/- 0.02,43.63 +/- 0.00
UNB3_345,IAT+SIZE,header_False,KJL-QS-GMM(diag),tuning_True,1.37 +/- 0.07,nan +/- nan,31.21 +/- 0.25,1.35 +/- 0.02,43.73 +/- 0.01
UNB3_345,IAT+SIZE,header_False,Nystrom-QS-GMM(full),tuning_False,1.32 +/- 0.02,nan +/- nan,23.06 +/- 0.16,1.54 +/- 0.03,39.94 +/- 0.00
UNB3_345,IAT+SIZE,header_False,Nystrom-QS-GMM(full),tuning_True,1.32 +/- 0.07,nan +/- nan,24.16 +/- 0.20,1.37 +/- 0.02,39.99 +/- 0.01
UNB3_345,IAT+SIZE,header_False,Nystrom-QS-GMM(diag),tuning_False,1.36 +/- 0.02,nan +/- nan,29.28 +/- 0.20,1.53 +/- 0.04,43.07 +/- 0.00
UNB3_345,IAT+SIZE,header_False,Nystrom-QS-GMM(diag),tuning_True,1.37 +/- 0.07,nan +/- nan,29.06 +/- 0.24,1.37 +/- 0.03,43.28 +/- 0.01
CTU1,IAT+SIZE,header_False,OCSVM(rbf),tuning_False,81.47 +/- 2.39,0.00 +/- 0.00,19.42 +/- 0.22,0.57 +/- 0.01,961.40 +/- 0.23
CTU1,IAT+SIZE,header_False,OCSVM(rbf),tuning_True,77.87 +/- 1.72,0.00 +/- 0.00,19.97 +/- 1.36,0.66 +/- 0.02,961.52 +/- 0.75
CTU1,IAT+SIZE,header_False,KJL-OCSVM(linear),tuning_False,1.77 +/- 0.05,nan +/- nan,3.95 +/- 0.05,0.80 +/- 0.02,3.65 +/- 0.00
CTU1,IAT+SIZE,header_False,KJL-OCSVM(linear),tuning_True,1.63 +/- 0.04,nan +/- nan,4.04 +/- 0.28,0.77 +/- 0.07,3.65 +/- 0.00
CTU1,IAT+SIZE,header_False,Nystrom-OCSVM(linear),tuning_False,1.78 +/- 0.05,nan +/- nan,3.94 +/- 0.05,0.75 +/- 0.05,3.65 +/- 0.00
CTU1,IAT+SIZE,header_False,Nystrom-OCSVM(linear),tuning_True,1.67 +/- 0.04,nan +/- nan,4.06 +/- 0.28,0.99 +/- 0.00,3.65 +/- 0.00
CTU1,IAT+SIZE,header_False,KJL-GMM(full),tuning_False,2.84 +/- 0.08,nan +/- nan,34.04 +/- 0.39,0.69 +/- 0.05,41.16 +/- 0.01
CTU1,IAT+SIZE,header_False,KJL-GMM(full),tuning_True,2.44 +/- 0.05,nan +/- nan,26.41 +/- 1.80,1.13 +/- 0.04,35.12 +/- 0.03
CTU1,IAT+SIZE,header_False,KJL-GMM(diag),tuning_False,2.70 +/- 0.08,nan +/- nan,34.17 +/- 0.39,0.60 +/- 0.22,41.45 +/- 0.01
CTU1,IAT+SIZE,header_False,KJL-GMM(diag),tuning_True,2.47 +/- 0.05,nan +/- nan,30.99 +/- 2.11,1.19 +/- 0.05,39.50 +/- 0.03
CTU1,IAT+SIZE,header_False,Nystrom-GMM(full),tuning_False,2.63 +/- 0.08,nan +/- nan,34.34 +/- 0.39,0.76 +/- 0.03,41.13 +/- 0.01
CTU1,IAT+SIZE,header_False,Nystrom-GMM(full),tuning_True,2.59 +/- 0.06,nan +/- nan,27.60 +/- 1.88,1.19 +/- 0.03,36.55 +/- 0.03
CTU1,IAT+SIZE,header_False,Nystrom-GMM(diag),tuning_False,2.84 +/- 0.08,nan +/- nan,34.64 +/- 0.40,0.78 +/- 0.02,41.42 +/- 0.01
CTU1,IAT+SIZE,header_False,Nystrom-GMM(diag),tuning_True,2.44 +/- 0.05,nan +/- nan,31.01 +/- 2.12,1.25 +/- 0.03,39.59 +/- 0.03
CTU1,IAT+SIZE,header_False,KJL-QS-GMM(full),tuning_False,1.14 +/- 0.03,nan +/- nan,28.28 +/- 0.33,1.20 +/- 0.05,36.50 +/- 0.01
CTU1,IAT+SIZE,header_False,KJL-QS-GMM(full),tuning_True,1.10 +/- 0.02,nan +/- nan,28.10 +/- 1.92,1.05 +/- 0.03,36.30 +/- 0.03
CTU1,IAT+SIZE,header_False,KJL-QS-GMM(diag),tuning_False,1.16 +/- 0.03,nan +/- nan,31.54 +/- 0.36,1.12 +/- 0.10,39.63 +/- 0.01
CTU1,IAT+SIZE,header_False,KJL-QS-GMM(diag),tuning_True,1.13 +/- 0.02,nan +/- nan,32.59 +/- 2.22,1.03 +/- 0.14,39.75 +/- 0.03
CTU1,IAT+SIZE,header_False,Nystrom-QS-GMM(full),tuning_False,1.14 +/- 0.03,nan +/- nan,26.89 +/- 0.31,1.19 +/- 0.10,35.34 +/- 0.01
CTU1,IAT+SIZE,header_False,Nystrom-QS-GMM(full),tuning_True,1.12 +/- 0.02,nan +/- nan,25.90 +/- 1.77,1.13 +/- 0.04,35.09 +/- 0.03
CTU1,IAT+SIZE,header_False,Nystrom-QS-GMM(diag),tuning_False,1.09 +/- 0.03,nan +/- nan,30.70 +/- 0.35,1.22 +/- 0.12,39.12 +/- 0.01
CTU1,IAT+SIZE,header_False,Nystrom-QS-GMM(diag),tuning_True,1.08 +/- 0.02,nan +/- nan,30.67 +/- 2.09,1.15 +/- 0.08,39.21 +/- 0.03
MAWI1_2020,IAT+SIZE,header_False,OCSVM(rbf),tuning_False,78.48 +/- 0.93,0.00 +/- 0.00,9.76 +/- 0.13,0.98 +/- 0.00,2798.32 +/- 0.78
MAWI1_2020,IAT+SIZE,header_False,OCSVM(rbf),tuning_True,82.59 +/- 1.53,0.00 +/- 0.00,11.22 +/- 0.14,0.99 +/- 0.00,2792.46 +/- 0.48
MAWI1_2020,IAT+SIZE,header_False,KJL-OCSVM(linear),tuning_False,2.55 +/- 0.03,nan +/- nan,3.42 +/- 0.05,0.82 +/- 0.00,11.71 +/- 0.00
MAWI1_2020,IAT+SIZE,header_False,KJL-OCSVM(linear),tuning_True,3.13 +/- 0.06,nan +/- nan,3.69 +/- 0.05,0.93 +/- 0.01,11.69 +/- 0.00
MAWI1_2020,IAT+SIZE,header_False,Nystrom-OCSVM(linear),tuning_False,2.93 +/- 0.03,nan +/- nan,3.30 +/- 0.04,0.85 +/- 0.00,11.71 +/- 0.00
MAWI1_2020,IAT+SIZE,header_False,Nystrom-OCSVM(linear),tuning_True,3.24 +/- 0.06,nan +/- nan,3.65 +/- 0.04,1.00 +/- 0.00,11.68 +/- 0.00
MAWI1_2020,IAT+SIZE,header_False,KJL-GMM(full),tuning_False,4.64 +/- 0.06,nan +/- nan,19.08 +/- 0.25,0.33 +/- 0.07,27.50 +/- 0.01
MAWI1_2020,IAT+SIZE,header_False,KJL-GMM(full),tuning_True,4.13 +/- 0.08,nan +/- nan,14.73 +/- 0.18,0.99 +/- 0.01,26.52 +/- 0.00
MAWI1_2020,IAT+SIZE,header_False,KJL-GMM(diag),tuning_False,4.30 +/- 0.05,nan +/- nan,19.29 +/- 0.26,0.45 +/- 0.06,27.54 +/- 0.01
MAWI1_2020,IAT+SIZE,header_False,KJL-GMM(diag),tuning_True,4.39 +/- 0.08,nan +/- nan,17.11 +/- 0.21,0.95 +/- 0.02,27.22 +/- 0.00
MAWI1_2020,IAT+SIZE,header_False,Nystrom-GMM(full),tuning_False,4.24 +/- 0.05,nan +/- nan,19.10 +/- 0.25,0.48 +/- 0.16,27.50 +/- 0.01
MAWI1_2020,IAT+SIZE,header_False,Nystrom-GMM(full),tuning_True,3.68 +/- 0.07,nan +/- nan,13.95 +/- 0.17,0.99 +/- 0.01,26.25 +/- 0.00
MAWI1_2020,IAT+SIZE,header_False,Nystrom-GMM(diag),tuning_False,4.59 +/- 0.05,nan +/- nan,19.25 +/- 0.26,0.37 +/- 0.13,27.54 +/- 0.01
MAWI1_2020,IAT+SIZE,header_False,Nystrom-GMM(diag),tuning_True,4.88 +/- 0.09,nan +/- nan,18.32 +/- 0.22,0.97 +/- 0.03,27.42 +/- 0.00
MAWI1_2020,IAT+SIZE,header_False,KJL-QS-GMM(full),tuning_False,1.37 +/- 0.02,nan +/- nan,13.38 +/- 0.18,0.14 +/- 0.00,26.28 +/- 0.01
MAWI1_2020,IAT+SIZE,header_False,KJL-QS-GMM(full),tuning_True,1.65 +/- 0.03,nan +/- nan,17.17 +/- 0.21,0.95 +/- 0.03,27.18 +/- 0.00
MAWI1_2020,IAT+SIZE,header_False,KJL-QS-GMM(diag),tuning_False,1.47 +/- 0.02,nan +/- nan,16.27 +/- 0.22,0.14 +/- 0.00,27.10 +/- 0.01
MAWI1_2020,IAT+SIZE,header_False,KJL-QS-GMM(diag),tuning_True,1.71 +/- 0.03,nan +/- nan,17.91 +/- 0.22,0.86 +/- 0.02,27.40 +/- 0.00
MAWI1_2020,IAT+SIZE,header_False,Nystrom-QS-GMM(full),tuning_False,1.47 +/- 0.02,nan +/- nan,13.38 +/- 0.18,0.17 +/- 0.00,26.28 +/- 0.01
MAWI1_2020,IAT+SIZE,header_False,Nystrom-QS-GMM(full),tuning_True,1.74 +/- 0.03,nan +/- nan,17.31 +/- 0.21,0.90 +/- 0.03,27.21 +/- 0.00
MAWI1_2020,IAT+SIZE,header_False,Nystrom-QS-GMM(diag),tuning_False,1.62 +/- 0.02,nan +/- nan,16.05 +/- 0.21,0.17 +/- 0.00,27.09 +/- 0.01
MAWI1_2020,IAT+SIZE,header_False,Nystrom-QS-GMM(diag),tuning_True,1.75 +/- 0.03,nan +/- nan,17.87 +/- 0.22,0.88 +/- 0.04,27.40 +/- 0.00
MACCDC1,IAT+SIZE,header_False,OCSVM(rbf),tuning_False,84.72 +/- 1.01,0.00 +/- 0.00,19.10 +/- 0.27,0.78 +/- 0.00,1041.34 +/- 0.13
MACCDC1,IAT+SIZE,header_False,OCSVM(rbf),tuning_True,84.19 +/- 1.93,0.00 +/- 0.00,19.99 +/- 0.23,0.85 +/- 0.00,1042.92 +/- 0.45
MACCDC1,IAT+SIZE,header_False,KJL-OCSVM(linear),tuning_False,1.66 +/- 0.02,nan +/- nan,3.89 +/- 0.06,0.84 +/- 0.08,3.93 +/- 0.00
MACCDC1,IAT+SIZE,header_False,KJL-OCSVM(linear),tuning_True,1.48 +/- 0.03,nan +/- nan,4.07 +/- 0.05,0.88 +/- 0.08,3.93 +/- 0.00
MACCDC1,IAT+SIZE,header_False,Nystrom-OCSVM(linear),tuning_False,1.65 +/- 0.02,nan +/- nan,3.87 +/- 0.06,1.03 +/- 0.04,3.93 +/- 0.00
MACCDC1,IAT+SIZE,header_False,Nystrom-OCSVM(linear),tuning_True,1.64 +/- 0.04,nan +/- nan,4.04 +/- 0.05,0.99 +/- 0.03,3.94 +/- 0.00
MACCDC1,IAT+SIZE,header_False,KJL-GMM(full),tuning_False,2.77 +/- 0.03,nan +/- nan,34.02 +/- 0.49,0.77 +/- 0.05,41.73 +/- 0.01
MACCDC1,IAT+SIZE,header_False,KJL-GMM(full),tuning_True,2.47 +/- 0.06,nan +/- nan,28.19 +/- 0.32,1.08 +/- 0.01,36.74 +/- 0.02
MACCDC1,IAT+SIZE,header_False,KJL-GMM(diag),tuning_False,2.71 +/- 0.03,nan +/- nan,34.34 +/- 0.49,0.27 +/- 0.09,42.00 +/- 0.01
MACCDC1,IAT+SIZE,header_False,KJL-GMM(diag),tuning_True,2.44 +/- 0.06,nan +/- nan,32.62 +/- 0.37,1.04 +/- 0.01,40.70 +/- 0.02
MACCDC1,IAT+SIZE,header_False,Nystrom-GMM(full),tuning_False,2.84 +/- 0.03,nan +/- nan,34.00 +/- 0.49,0.90 +/- 0.25,41.70 +/- 0.01
MACCDC1,IAT+SIZE,header_False,Nystrom-GMM(full),tuning_True,2.60 +/- 0.06,nan +/- nan,29.71 +/- 0.34,1.07 +/- 0.03,37.98 +/- 0.02
MACCDC1,IAT+SIZE,header_False,Nystrom-GMM(diag),tuning_False,2.82 +/- 0.03,nan +/- nan,34.32 +/- 0.49,0.73 +/- 0.27,41.97 +/- 0.01
MACCDC1,IAT+SIZE,header_False,Nystrom-GMM(diag),tuning_True,2.70 +/- 0.06,nan +/- nan,32.87 +/- 0.37,1.04 +/- 0.01,40.78 +/- 0.02
MACCDC1,IAT+SIZE,header_False,KJL-QS-GMM(full),tuning_False,1.16 +/- 0.01,nan +/- nan,28.85 +/- 0.41,0.90 +/- 0.14,38.43 +/- 0.00
MACCDC1,IAT+SIZE,header_False,KJL-QS-GMM(full),tuning_True,1.14 +/- 0.03,nan +/- nan,29.72 +/- 0.34,1.03 +/- 0.01,38.21 +/- 0.02
MACCDC1,IAT+SIZE,header_False,KJL-QS-GMM(diag),tuning_False,1.12 +/- 0.01,nan +/- nan,31.38 +/- 0.45,0.83 +/- 0.16,40.74 +/- 0.01
MACCDC1,IAT+SIZE,header_False,KJL-QS-GMM(diag),tuning_True,1.16 +/- 0.03,nan +/- nan,32.54 +/- 0.37,1.01 +/- 0.02,40.63 +/- 0.02
MACCDC1,IAT+SIZE,header_False,Nystrom-QS-GMM(full),tuning_False,1.14 +/- 0.01,nan +/- nan,28.06 +/- 0.40,0.88 +/- 0.17,37.78 +/- 0.00
MACCDC1,IAT+SIZE,header_False,Nystrom-QS-GMM(full),tuning_True,1.16 +/- 0.03,nan +/- nan,29.44 +/- 0.33,1.06 +/- 0.02,37.98 +/- 0.02
MACCDC1,IAT+SIZE,header_False,Nystrom-QS-GMM(diag),tuning_False,1.18 +/- 0.01,nan +/- nan,31.10 +/- 0.45,0.85 +/- 0.18,40.46 +/- 0.01
MACCDC1,IAT+SIZE,header_False,Nystrom-QS-GMM(diag),tuning_True,1.14 +/- 0.03,nan +/- nan,32.31 +/- 0.37,1.02 +/- 0.02,40.58 +/- 0.02
SFRIG1_2021,IAT+SIZE,header_False,OCSVM(rbf),tuning_False,85.15 +/- 2.99,0.00 +/- 0.00,18.62 +/- 0.15,0.85 +/- 0.00,641.07 +/- 0.05
SFRIG1_2021,IAT+SIZE,header_False,OCSVM(rbf),tuning_True,80.83 +/- 7.72,0.00 +/- 0.00,16.15 +/- 0.20,0.93 +/- 0.00,641.58 +/- 0.10
SFRIG1_2021,IAT+SIZE,header_False,KJL-OCSVM(linear),tuning_False,1.22 +/- 0.04,nan +/- nan,3.83 +/- 0.03,0.87 +/- 0.05,2.49 +/- 0.00
SFRIG1_2021,IAT+SIZE,header_False,KJL-OCSVM(linear),tuning_True,1.18 +/- 0.11,nan +/- nan,3.33 +/- 0.04,0.82 +/- 0.02,2.50 +/- 0.00
SFRIG1_2021,IAT+SIZE,header_False,Nystrom-OCSVM(linear),tuning_False,1.48 +/- 0.05,nan +/- nan,3.83 +/- 0.03,0.97 +/- 0.01,2.49 +/- 0.00
SFRIG1_2021,IAT+SIZE,header_False,Nystrom-OCSVM(linear),tuning_True,1.38 +/- 0.13,nan +/- nan,3.34 +/- 0.04,0.90 +/- 0.01,2.50 +/- 0.00
SFRIG1_2021,IAT+SIZE,header_False,KJL-GMM(full),tuning_False,2.53 +/- 0.09,nan +/- nan,33.25 +/- 0.27,0.46 +/- 0.12,37.81 +/- 0.00
SFRIG1_2021,IAT+SIZE,header_False,KJL-GMM(full),tuning_True,2.22 +/- 0.21,nan +/- nan,23.63 +/- 0.29,0.99 +/- 0.01,32.58 +/- 0.00
SFRIG1_2021,IAT+SIZE,header_False,KJL-GMM(diag),tuning_False,2.41 +/- 0.08,nan +/- nan,33.92 +/- 0.28,0.19 +/- 0.02,38.17 +/- 0.00
SFRIG1_2021,IAT+SIZE,header_False,KJL-GMM(diag),tuning_True,2.08 +/- 0.20,nan +/- nan,25.69 +/- 0.32,0.99 +/- 0.01,35.00 +/- 0.01
SFRIG1_2021,IAT+SIZE,header_False,Nystrom-GMM(full),tuning_False,2.30 +/- 0.08,nan +/- nan,33.72 +/- 0.27,0.77 +/- 0.06,37.77 +/- 0.00
SFRIG1_2021,IAT+SIZE,header_False,Nystrom-GMM(full),tuning_True,2.17 +/- 0.21,nan +/- nan,23.22 +/- 0.29,0.97 +/- 0.01,31.60 +/- 0.00
SFRIG1_2021,IAT+SIZE,header_False,Nystrom-GMM(diag),tuning_False,2.35 +/- 0.08,nan +/- nan,34.02 +/- 0.28,0.28 +/- 0.10,38.13 +/- 0.00
SFRIG1_2021,IAT+SIZE,header_False,Nystrom-GMM(diag),tuning_True,2.04 +/- 0.19,nan +/- nan,26.29 +/- 0.33,0.97 +/- 0.01,35.51 +/- 0.01
SFRIG1_2021,IAT+SIZE,header_False,KJL-QS-GMM(full),tuning_False,0.98 +/- 0.03,nan +/- nan,28.30 +/- 0.23,0.98 +/- 0.03,33.57 +/- 0.00
SFRIG1_2021,IAT+SIZE,header_False,KJL-QS-GMM(full),tuning_True,0.97 +/- 0.09,nan +/- nan,24.15 +/- 0.30,0.97 +/- 0.02,32.83 +/- 0.00
SFRIG1_2021,IAT+SIZE,header_False,KJL-QS-GMM(diag),tuning_False,1.03 +/- 0.04,nan +/- nan,31.50 +/- 0.26,0.97 +/- 0.03,36.51 +/- 0.00
SFRIG1_2021,IAT+SIZE,header_False,KJL-QS-GMM(diag),tuning_True,0.99 +/- 0.09,nan +/- nan,26.94 +/- 0.34,0.96 +/- 0.02,36.14 +/- 0.01
SFRIG1_2021,IAT+SIZE,header_False,Nystrom-QS-GMM(full),tuning_False,0.97 +/- 0.03,nan +/- nan,28.37 +/- 0.23,0.77 +/- 0.11,33.02 +/- 0.00
SFRIG1_2021,IAT+SIZE,header_False,Nystrom-QS-GMM(full),tuning_True,0.93 +/- 0.09,nan +/- nan,24.36 +/- 0.30,0.96 +/- 0.01,32.97 +/- 0.00
SFRIG1_2021,IAT+SIZE,header_False,Nystrom-QS-GMM(diag),tuning_False,0.97 +/- 0.03,nan +/- nan,31.36 +/- 0.25,0.77 +/- 0.13,36.25 +/- 0.00
SFRIG1_2021,IAT+SIZE,header_False,Nystrom-QS-GMM(diag),tuning_True,0.99 +/- 0.10,nan +/- nan,26.99 +/- 0.34,0.95 +/- 0.02,36.25 +/- 0.01
AECHO1_2020,IAT+SIZE,header_False,OCSVM(rbf),tuning_False,117.65 +/- 6.46,0.00 +/- 0.00,19.95 +/- 0.02,0.78 +/- 0.00,1441.75 +/- 0.14
AECHO1_2020,IAT+SIZE,header_False,OCSVM(rbf),tuning_True,111.26 +/- 6.59,0.00 +/- 0.00,19.98 +/- 0.03,0.90 +/- 0.00,1441.75 +/- 0.14
AECHO1_2020,IAT+SIZE,header_False,KJL-OCSVM(linear),tuning_False,2.09 +/- 0.11,nan +/- nan,4.56 +/- 0.00,0.90 +/- 0.04,5.28 +/- 0.00
AECHO1_2020,IAT+SIZE,header_False,KJL-OCSVM(linear),tuning_True,1.65 +/- 0.10,nan +/- nan,4.57 +/- 0.01,0.81 +/- 0.02,5.28 +/- 0.00
AECHO1_2020,IAT+SIZE,header_False,Nystrom-OCSVM(linear),tuning_False,2.00 +/- 0.11,nan +/- nan,4.60 +/- 0.00,0.99 +/- 0.03,5.28 +/- 0.00
AECHO1_2020,IAT+SIZE,header_False,Nystrom-OCSVM(linear),tuning_True,1.91 +/- 0.11,nan +/- nan,4.62 +/- 0.01,0.87 +/- 0.01,5.28 +/- 0.00
AECHO1_2020,IAT+SIZE,header_False,KJL-GMM(full),tuning_False,3.42 +/- 0.19,nan +/- nan,41.70 +/- 0.04,0.08 +/- 0.02,43.75 +/- 0.00
AECHO1_2020,IAT+SIZE,header_False,KJL-GMM(full),tuning_True,2.84 +/- 0.17,nan +/- nan,29.11 +/- 0.05,1.08 +/- 0.00,39.20 +/- 0.00
AECHO1_2020,IAT+SIZE,header_False,KJL-GMM(diag),tuning_False,3.53 +/- 0.19,nan +/- nan,42.17 +/- 0.04,0.23 +/- 0.12,43.96 +/- 0.00
AECHO1_2020,IAT+SIZE,header_False,KJL-GMM(diag),tuning_True,2.84 +/- 0.17,nan +/- nan,36.13 +/- 0.06,1.07 +/- 0.01,42.12 +/- 0.00
AECHO1_2020,IAT+SIZE,header_False,Nystrom-GMM(full),tuning_False,3.30 +/- 0.18,nan +/- nan,41.69 +/- 0.04,0.23 +/- 0.08,43.73 +/- 0.00
AECHO1_2020,IAT+SIZE,header_False,Nystrom-GMM(full),tuning_True,2.94 +/- 0.17,nan +/- nan,30.24 +/- 0.05,1.09 +/- 0.00,39.82 +/- 0.00
AECHO1_2020,IAT+SIZE,header_False,Nystrom-GMM(diag),tuning_False,3.29 +/- 0.18,nan +/- nan,42.17 +/- 0.04,0.13 +/- 0.04,43.94 +/- 0.00
AECHO1_2020,IAT+SIZE,header_False,Nystrom-GMM(diag),tuning_True,2.85 +/- 0.17,nan +/- nan,34.38 +/- 0.05,1.08 +/- 0.01,41.97 +/- 0.00
AECHO1_2020,IAT+SIZE,header_False,KJL-QS-GMM(full),tuning_False,1.29 +/- 0.07,nan +/- nan,32.34 +/- 0.03,1.20 +/- 0.03,40.67 +/- 0.00
AECHO1_2020,IAT+SIZE,header_False,KJL-QS-GMM(full),tuning_True,1.18 +/- 0.07,nan +/- nan,32.32 +/- 0.05,1.07 +/- 0.00,40.73 +/- 0.00
AECHO1_2020,IAT+SIZE,header_False,KJL-QS-GMM(diag),tuning_False,1.31 +/- 0.07,nan +/- nan,37.86 +/- 0.04,1.20 +/- 0.02,42.80 +/- 0.00
AECHO1_2020,IAT+SIZE,header_False,KJL-QS-GMM(diag),tuning_True,1.30 +/- 0.08,nan +/- nan,37.73 +/- 0.06,1.06 +/- 0.01,42.85 +/- 0.00
AECHO1_2020,IAT+SIZE,header_False,Nystrom-QS-GMM(full),tuning_False,1.26 +/- 0.07,nan +/- nan,29.33 +/- 0.03,1.18 +/- 0.00,39.28 +/- 0.00
AECHO1_2020,IAT+SIZE,header_False,Nystrom-QS-GMM(full),tuning_True,1.26 +/- 0.07,nan +/- nan,31.73 +/- 0.05,1.09 +/- 0.01,40.66 +/- 0.00
AECHO1_2020,IAT+SIZE,header_False,Nystrom-QS-GMM(diag),tuning_False,1.25 +/- 0.07,nan +/- nan,36.49 +/- 0.03,1.17 +/- 0.00,42.23 +/- 0.00
AECHO1_2020,IAT+SIZE,header_False,Nystrom-QS-GMM(diag),tuning_True,1.26 +/- 0.07,nan +/- nan,37.09 +/- 0.06,1.07 +/- 0.01,42.63 +/- 0.00
DWSHR_AECHO_2020,IAT+SIZE,header_False,OCSVM(rbf),tuning_False,117.29 +/- 8.81,0.00 +/- 0.00,19.72 +/- 0.09,0.87 +/- 0.01,1201.38 +/- 0.32
DWSHR_AECHO_2020,IAT+SIZE,header_False,OCSVM(rbf),tuning_True,110.53 +/- 5.77,0.00 +/- 0.00,19.81 +/- 0.01,0.93 +/- 0.00,1202.39 +/- 0.30
DWSHR_AECHO_2020,IAT+SIZE,header_False,KJL-OCSVM(linear),tuning_False,1.72 +/- 0.13,nan +/- nan,4.24 +/- 0.02,0.83 +/- 0.10,4.48 +/- 0.00
DWSHR_AECHO_2020,IAT+SIZE,header_False,KJL-OCSVM(linear),tuning_True,1.43 +/- 0.07,nan +/- nan,4.27 +/- 0.00,0.82 +/- 0.04,4.48 +/- 0.00
DWSHR_AECHO_2020,IAT+SIZE,header_False,Nystrom-OCSVM(linear),tuning_False,1.92 +/- 0.14,nan +/- nan,4.24 +/- 0.02,0.96 +/- 0.01,4.48 +/- 0.00
DWSHR_AECHO_2020,IAT+SIZE,header_False,Nystrom-OCSVM(linear),tuning_True,1.81 +/- 0.09,nan +/- nan,4.26 +/- 0.00,0.91 +/- 0.00,4.48 +/- 0.00
DWSHR_AECHO_2020,IAT+SIZE,header_False,KJL-GMM(full),tuning_False,3.08 +/- 0.23,nan +/- nan,43.91 +/- 0.21,0.40 +/- 0.08,42.67 +/- 0.01
DWSHR_AECHO_2020,IAT+SIZE,header_False,KJL-GMM(full),tuning_True,2.75 +/- 0.14,nan +/- nan,30.48 +/- 0.01,0.99 +/- 0.00,37.13 +/- 0.01
DWSHR_AECHO_2020,IAT+SIZE,header_False,KJL-GMM(diag),tuning_False,3.12 +/- 0.23,nan +/- nan,44.31 +/- 0.21,0.24 +/- 0.05,42.91 +/- 0.01
DWSHR_AECHO_2020,IAT+SIZE,header_False,KJL-GMM(diag),tuning_True,2.60 +/- 0.14,nan +/- nan,37.67 +/- 0.02,0.98 +/- 0.01,40.76 +/- 0.01
DWSHR_AECHO_2020,IAT+SIZE,header_False,Nystrom-GMM(full),tuning_False,3.16 +/- 0.24,nan +/- nan,43.59 +/- 0.21,0.58 +/- 0.01,42.64 +/- 0.01
DWSHR_AECHO_2020,IAT+SIZE,header_False,Nystrom-GMM(full),tuning_True,2.72 +/- 0.14,nan +/- nan,29.91 +/- 0.01,0.99 +/- 0.01,36.89 +/- 0.01
DWSHR_AECHO_2020,IAT+SIZE,header_False,Nystrom-GMM(diag),tuning_False,3.08 +/- 0.23,nan +/- nan,44.28 +/- 0.21,0.22 +/- 0.02,42.89 +/- 0.01
DWSHR_AECHO_2020,IAT+SIZE,header_False,Nystrom-GMM(diag),tuning_True,2.72 +/- 0.14,nan +/- nan,37.27 +/- 0.02,0.98 +/- 0.00,40.55 +/- 0.01
DWSHR_AECHO_2020,IAT+SIZE,header_False,KJL-QS-GMM(full),tuning_False,1.26 +/- 0.09,nan +/- nan,31.49 +/- 0.15,0.95 +/- 0.02,37.80 +/- 0.01
DWSHR_AECHO_2020,IAT+SIZE,header_False,KJL-QS-GMM(full),tuning_True,1.19 +/- 0.06,nan +/- nan,30.94 +/- 0.01,0.99 +/- 0.00,37.42 +/- 0.01
DWSHR_AECHO_2020,IAT+SIZE,header_False,KJL-QS-GMM(diag),tuning_False,1.26 +/- 0.09,nan +/- nan,38.13 +/- 0.18,0.86 +/- 0.04,41.02 +/- 0.01
DWSHR_AECHO_2020,IAT+SIZE,header_False,KJL-QS-GMM(diag),tuning_True,1.16 +/- 0.06,nan +/- nan,38.18 +/- 0.02,0.97 +/- 0.01,40.93 +/- 0.01
DWSHR_AECHO_2020,IAT+SIZE,header_False,Nystrom-QS-GMM(full),tuning_False,1.22 +/- 0.09,nan +/- nan,30.60 +/- 0.15,0.90 +/- 0.05,37.31 +/- 0.01
DWSHR_AECHO_2020,IAT+SIZE,header_False,Nystrom-QS-GMM(full),tuning_True,1.17 +/- 0.06,nan +/- nan,31.23 +/- 0.01,0.98 +/- 0.01,37.63 +/- 0.01
DWSHR_AECHO_2020,IAT+SIZE,header_False,Nystrom-QS-GMM(diag),tuning_False,1.22 +/- 0.09,nan +/- nan,37.67 +/- 0.18,0.81 +/- 0.08,40.80 +/- 0.01
DWSHR_AECHO_2020,IAT+SIZE,header_False,Nystrom-QS-GMM(diag),tuning_True,1.19 +/- 0.06,nan +/- nan,38.22 +/- 0.02,0.97 +/- 0.01,40.96 +/- 0.01
