UNB345_3|, OCSVM(rbf), X_train_shape: X_train_shape:(5000-)|(X_val_shape: ), X_test_shape: (600-47), iat_size(auc: 0.5852+/-0.0034,train_time: 0.00000+/-0.00000,test_time: 0.07804+/-0.00053), => aucs:0.5788777777777779-0.5865333333333334-0.5876777777777777-0.5845666666666668-0.5881055555555557, train_times:0-0-0-0-0, test_times:0.07709488794207572-0.07847201460972428-0.07799723176285625-0.07860034201294183-0.0780161153525114, n_comp: -, -, space_sizes: |model_spaces: 962.506-962.506-961.738-962.89-962.89,tot_clusters:0, 0,n_clusters: 0, 0, with params: {}: 
UNB345_3|, KJL-OCSVM(linear), X_train_shape: X_train_shape:(5000-)|(X_val_shape: ), X_test_shape: (600-47), iat_size(auc: 0.3830+/-0.1971,train_time: 0.00000+/-0.00000,test_time: 0.00638+/-0.00314), => aucs:0.5166222222222224-0.5522833333333332-0.21515555555555554-0.08037222222222226-0.5505222222222221, train_times:0-0-0-0-0, test_times:0.012163939233869315-0.007307764049619437-0.0041939251124858854-0.004116856027394533-0.004134210105985403, n_comp: -, -, space_sizes: |model_spaces: 162.509-162.509-162.509-162.557-162.509,tot_clusters:0, 0,n_clusters: 0, 0, with params: {}: 
UNB345_3|, Nystrom-OCSVM(linear), X_train_shape: X_train_shape:(5000-)|(X_val_shape: ), X_test_shape: (600-47), iat_size(auc: 0.3702+/-0.1704,train_time: 0.00000+/-0.00000,test_time: 0.00476+/-0.00078), => aucs:0.1960666666666667-0.5769444444444445-0.17214999999999991-0.3549222222222222-0.5507944444444443, train_times:0-0-0-0-0, test_times:0.006312699429690838-0.004322183784097433-0.004431384708732366-0.004371849074959755-0.0043489491567015644, n_comp: -, -, space_sizes: |model_spaces: 162.521-162.521-162.521-162.521-162.521,tot_clusters:0, 0,n_clusters: 0, 0, with params: {}: 
UNB345_3|, KJL-GMM(diag), X_train_shape: X_train_shape:(5000-)|(X_val_shape: ), X_test_shape: (600-47), iat_size(auc: 0.0550+/-0.0589,train_time: 0.00000+/-0.00000,test_time: 0.00326+/-0.00004), => aucs:0.01944444444444447-0.17162777777777777-0.04132777777777782-0.0215611111111111-0.020855555555555554, train_times:0-0-0-0-0, test_times:0.003327582124620676-0.003243150096386671-0.003226426523178816-0.0032562640495598315-0.0032262590713799, n_comp: -, -, space_sizes: |model_spaces: 42.379-42.379-42.379-42.379-42.379,tot_clusters:0, 0,n_clusters: 0, 0, with params: {}: 
UNB345_3|, Nystrom-GMM(diag), X_train_shape: X_train_shape:(5000-)|(X_val_shape: ), X_test_shape: (600-47), iat_size(auc: 0.7541+/-0.1237,train_time: 0.00000+/-0.00000,test_time: 0.00326+/-0.00058), => aucs:0.590611111111111-0.6161555555555557-0.8721166666666667-0.8459444444444445-0.8457444444444444, train_times:0-0-0-0-0, test_times:0.004306800477206707-0.003359020408242941-0.0027237608097493648-0.003203410096466541-0.002730806078761816, n_comp: -, -, space_sizes: |model_spaces: 42.391-42.391-42.391-42.391-42.391,tot_clusters:0, 0,n_clusters: 0, 0, with params: {}: 
UNB345_3|, KJL-QS-GMM(diag), X_train, X_test, auc, train, test, => aucs:, train_times:, test_times:, n_comp:, , space_sizes: |model_spaces: ,tot_clusters:, ,n_clusters: , , with params: : 
UNB345_3|, Nystrom-QS-GMM(diag), X_train, X_test, auc, train, test, => aucs:, train_times:, test_times:, n_comp:, , space_sizes: |model_spaces: ,tot_clusters:, ,n_clusters: , , with params: : 
UNB345_3|, KJL-QS-init_GMM(diag), X_train_shape: X_train_shape:(5000-)|(X_val_shape: ), X_test_shape: (600-47), iat_size(auc: 0.9328+/-0.0362,train_time: 0.00000+/-0.00000,test_time: 0.00343+/-0.00004), => aucs:0.9469555555555553-0.8609666666666665-0.9490333333333332-0.9589777777777779-0.9481277777777779, train_times:0-0-0-0-0, test_times:0.0034820623695850372-0.0034622951410710812-0.0034044548869132996-0.0034180487506091594-0.0033721928484737873, n_comp: -, -, space_sizes: |model_spaces: 42.731-43.089-42.731-42.731-42.643,tot_clusters:0, 0,n_clusters: 0, 0, with params: {}: 
UNB345_3|, Nystrom-QS-init_GMM(diag), X_train_shape: X_train_shape:(5000-)|(X_val_shape: ), X_test_shape: (600-47), iat_size(auc: 0.8402+/-0.0476,train_time: 0.00000+/-0.00000,test_time: 0.00378+/-0.00006), => aucs:0.8989833333333334-0.8154-0.8964166666666668-0.7951277777777778-0.7948388888888889, train_times:0-0-0-0-0, test_times:0.003895960748195648-0.0037861429154872894-0.0037706175819039343-0.0037327671423554422-0.003736771084368229, n_comp: -, -, space_sizes: |model_spaces: 44.069-44.069-44.069-43.893-44.069,tot_clusters:0, 0,n_clusters: 0, 0, with params: {}: 
CTU1|, OCSVM(rbf), X_train_shape: X_train_shape:(5000-)|(X_val_shape: ), X_test_shape: (600-23), iat_size(auc: 0.5896+/-0.0245,train_time: 0.00000+/-0.00000,test_time: 0.07707+/-0.00072), => aucs:0.564188888888889-0.5829777777777778-0.5831111111111114-0.5811888888888889-0.6365333333333332, train_times:0-0-0-0-0, test_times:0.07605050429701805-0.07642771052196622-0.07752072382718325-0.07739318422973156-0.0779701117426157, n_comp: -, -, space_sizes: |model_spaces: 481.546-481.354-481.354-481.354-481.354,tot_clusters:0, 0,n_clusters: 0, 0, with params: {}: 
CTU1|, KJL-OCSVM(linear), X_train_shape: X_train_shape:(5000-)|(X_val_shape: ), X_test_shape: (600-23), iat_size(auc: 0.4394+/-0.0643,train_time: 0.00000+/-0.00000,test_time: 0.00391+/-0.00049), => aucs:0.5385277777777778-0.4578444444444445-0.45134444444444444-0.4058777777777777-0.34315555555555555, train_times:0-0-0-0-0, test_times:0.004661753121763468-0.0031303737312555315-0.00379141541197896-0.003994602523744106-0.003982745297253132, n_comp: -, -, space_sizes: |model_spaces: 143.357-143.309-143.309-143.309-143.309,tot_clusters:0, 0,n_clusters: 0, 0, with params: {}: 
CTU1|, Nystrom-OCSVM(linear), X_train_shape: X_train_shape:(5000-)|(X_val_shape: ), X_test_shape: (600-23), iat_size(auc: 0.4438+/-0.0916,train_time: 0.00000+/-0.00000,test_time: 0.00394+/-0.00028), => aucs:0.47204444444444443-0.39222777777777773-0.6082944444444445-0.3460388888888889-0.4002777777777776, train_times:0-0-0-0-0, test_times:0.004331939574331045-0.003913564141839743-0.004083245806396007-0.0034750981256365778-0.0038869868032634257, n_comp: -, -, space_sizes: |model_spaces: 143.465-143.369-143.369-143.369-143.417,tot_clusters:0, 0,n_clusters: 0, 0, with params: {}: 
CTU1|, KJL-GMM(diag), X_train_shape: X_train_shape:(5000-)|(X_val_shape: ), X_test_shape: (600-23), iat_size(auc: 0.2880+/-0.1522,train_time: 0.00000+/-0.00000,test_time: 0.00279+/-0.00025), => aucs:0.29842777777777774-0.13091111111111114-0.35607222222222223-0.5313999999999999-0.12317777777777779, train_times:0-0-0-0-0, test_times:0.0027760435827076436-0.002600488718599081-0.0026123492047190667-0.003266364336013794-0.0026850211434066296, n_comp: -, -, space_sizes: |model_spaces: 23.179-23.179-23.179-23.179-23.179,tot_clusters:0, 0,n_clusters: 0, 0, with params: {}: 
CTU1|, Nystrom-GMM(diag), X_train_shape: X_train_shape:(5000-)|(X_val_shape: ), X_test_shape: (600-23), iat_size(auc: 0.3597+/-0.0385,train_time: 0.00000+/-0.00000,test_time: 0.00329+/-0.00026), => aucs:0.37290555555555555-0.30954999999999994-0.3221166666666668-0.4132666666666667-0.3806111111111112, train_times:0-0-0-0-0, test_times:0.003729418944567442-0.0029059311375021933-0.003269725013524294-0.003269354626536369-0.0032955531030893328, n_comp: -, -, space_sizes: |model_spaces: 23.191-23.191-23.191-23.191-23.191,tot_clusters:0, 0,n_clusters: 0, 0, with params: {}: 
CTU1|, KJL-QS-GMM(diag), X_train, X_test, auc, train, test, => aucs:, train_times:, test_times:, n_comp:, , space_sizes: |model_spaces: ,tot_clusters:, ,n_clusters: , , with params: : 
CTU1|, Nystrom-QS-GMM(diag), X_train, X_test, auc, train, test, => aucs:, train_times:, test_times:, n_comp:, , space_sizes: |model_spaces: ,tot_clusters:, ,n_clusters: , , with params: : 
CTU1|, KJL-QS-init_GMM(diag), X_train_shape: X_train_shape:(5000-)|(X_val_shape: ), X_test_shape: (600-23), iat_size(auc: 0.6539+/-0.0359,train_time: 0.00000+/-0.00000,test_time: 0.00332+/-0.00035), => aucs:0.7048833333333333-0.6709277777777776-0.630738888888889-0.6628833333333334-0.5998500000000001, train_times:0-0-0-0-0, test_times:0.003551518451422453-0.003501253481954336-0.003444084990769625-0.0026224497705698013-0.003470002207905054, n_comp: -, -, space_sizes: |model_spaces: 24.241-23.713-24.329-24.065-23.977,tot_clusters:0, 0,n_clusters: 0, 0, with params: {}: 
CTU1|, Nystrom-QS-init_GMM(diag), X_train_shape: X_train_shape:(5000-)|(X_val_shape: ), X_test_shape: (600-23), iat_size(auc: 0.7351+/-0.0208,train_time: 0.00000+/-0.00000,test_time: 0.00366+/-0.00004), => aucs:0.7494611111111111-0.7161333333333334-0.7639277777777778-0.7383388888888888-0.7077222222222221, train_times:0-0-0-0-0, test_times:0.0037142868153750897-0.003693376574665308-0.0036619454622268677-0.0036211692728102206-0.003615302685648203, n_comp: -, -, space_sizes: |model_spaces: 24.517-24.517-24.517-24.341-24.253,tot_clusters:0, 0,n_clusters: 0, 0, with params: {}: 
MAWI1_2020|, OCSVM(rbf), X_train_shape: X_train_shape:(5000-)|(X_val_shape: ), X_test_shape: (600-121), iat_size(auc: 0.9856+/-0.0020,train_time: 0.00000+/-0.00000,test_time: 0.06667+/-0.00034), => aucs:0.9866666666666669-0.9866666666666669-0.9866666666666669-0.9865-0.9815333333333335, train_times:0-0-0-0-0, test_times:0.0667280364781618-0.06707682330161333-0.06627494990825653-0.06698655392974615-0.06628841394558549, n_comp: -, -, space_sizes: |model_spaces: 2446.442-2449.37-2446.442-2447.418-2447.418,tot_clusters:0, 0,n_clusters: 0, 0, with params: {}: 
MAWI1_2020|, KJL-OCSVM(linear), X_train_shape: X_train_shape:(5000-)|(X_val_shape: ), X_test_shape: (600-121), iat_size(auc: 0.8080+/-0.0049,train_time: 0.00000+/-0.00000,test_time: 0.00367+/-0.00046), => aucs:0.8033333333333333-0.8166666666666667-0.8033333333333333-0.8083333333333333-0.8083333333333333, train_times:0-0-0-0-0, test_times:0.004598207026720047-0.0034474628046154976-0.0034039624966681003-0.003511649463325739-0.0033988927491009234, n_comp: -, -, space_sizes: |model_spaces: 221.709-221.709-221.709-221.709-221.709,tot_clusters:0, 0,n_clusters: 0, 0, with params: {}: 
MAWI1_2020|, Nystrom-OCSVM(linear), X_train_shape: X_train_shape:(5000-)|(X_val_shape: ), X_test_shape: (600-121), iat_size(auc: 0.8453+/-0.0024,train_time: 0.00000+/-0.00000,test_time: 0.00385+/-0.00030), => aucs:0.8483333333333333-0.8433333333333334-0.8416666666666666-0.8466666666666669-0.8466666666666669, train_times:0-0-0-0-0, test_times:0.004243097454309464-0.0034477481618523597-0.003632285539060831-0.003800844307988882-0.004118377808481455, n_comp: -, -, space_sizes: |model_spaces: 221.721-221.721-221.721-221.673-221.721,tot_clusters:0, 0,n_clusters: 0, 0, with params: {}: 
MAWI1_2020|, KJL-GMM(diag), X_train_shape: X_train_shape:(5000-)|(X_val_shape: ), X_test_shape: (600-121), iat_size(auc: 0.4020+/-0.0709,train_time: 0.00000+/-0.00000,test_time: 0.00303+/-0.00004), => aucs:0.4366666666666667-0.3233333333333333-0.5233333333333333-0.36500000000000005-0.3616666666666666, train_times:0-0-0-0-0, test_times:0.003099819552153349-0.002999690733850002-0.003018637839704752-0.003019670397043228-0.0030122001655399798, n_comp: -, -, space_sizes: |model_spaces: 101.579-101.579-101.579-101.579-101.579,tot_clusters:0, 0,n_clusters: 0, 0, with params: {}: 
MAWI1_2020|, Nystrom-GMM(diag), X_train_shape: X_train_shape:(5000-)|(X_val_shape: ), X_test_shape: (600-121), iat_size(auc: 0.3143+/-0.0497,train_time: 0.00000+/-0.00000,test_time: 0.00291+/-0.00013), => aucs:0.32833333333333325-0.2533333333333333-0.25999999999999995-0.37833333333333324-0.3516666666666667, train_times:0-0-0-0-0, test_times:0.0027321359142661096-0.0027757756412029265-0.003039962891489267-0.0030061990022659303-0.0030140371061861517, n_comp: -, -, space_sizes: |model_spaces: 101.591-101.591-101.591-101.591-101.591,tot_clusters:0, 0,n_clusters: 0, 0, with params: {}: 
MAWI1_2020|, KJL-QS-GMM(diag), X_train, X_test, auc, train, test, => aucs:, train_times:, test_times:, n_comp:, , space_sizes: |model_spaces: ,tot_clusters:, ,n_clusters: , , with params: : 
MAWI1_2020|, Nystrom-QS-GMM(diag), X_train, X_test, auc, train, test, => aucs:, train_times:, test_times:, n_comp:, , space_sizes: |model_spaces: ,tot_clusters:, ,n_clusters: , , with params: : 
MAWI1_2020|, KJL-QS-init_GMM(diag), X_train_shape: X_train_shape:(5000-)|(X_val_shape: ), X_test_shape: (600-121), iat_size(auc: 0.1247+/-0.0046,train_time: 0.00000+/-0.00000,test_time: 0.00336+/-0.00067), => aucs:0.12333333333333325-0.13333333333333336-0.12000000000000002-0.125-0.12166666666666663, train_times:0-0-0-0-0, test_times:0.004521438851952553-0.002810507919639349-0.00263930382207036-0.0032518284395337107-0.0035683981142938135, n_comp: -, -, space_sizes: |model_spaces: 103.257-103.257-103.257-103.257-103.257,tot_clusters:0, 0,n_clusters: 0, 0, with params: {}: 
MAWI1_2020|, Nystrom-QS-init_GMM(diag), X_train_shape: X_train_shape:(5000-)|(X_val_shape: ), X_test_shape: (600-121), iat_size(auc: 0.1553+/-0.0024,train_time: 0.00000+/-0.00000,test_time: 0.00530+/-0.00254), => aucs:0.1516666666666667-0.15666666666666668-0.1583333333333333-0.15333333333333332-0.15666666666666668, train_times:0-0-0-0-0, test_times:0.009978072065860034-0.006035181041806936-0.003488003183156252-0.003488448075950146-0.003486667945981026, n_comp: -, -, space_sizes: |model_spaces: 103.269-103.269-103.269-103.269-103.269,tot_clusters:0, 0,n_clusters: 0, 0, with params: {}: 
MACCDC1|, OCSVM(rbf), X_train_shape: X_train_shape:(5000-)|(X_val_shape: ), X_test_shape: (600-25), iat_size(auc: 0.8089+/-0.0265,train_time: 0.00000+/-0.00000,test_time: 0.07736+/-0.00055), => aucs:0.8018055555555555-0.8070166666666665-0.7643277777777777-0.8311055555555557-0.8400166666666667, train_times:0-0-0-0-0, test_times:0.07628410020843149-0.07756725186482072-0.07758014872670174-0.07785229925066232-0.07753165615722538, n_comp: -, -, space_sizes: |model_spaces: 521.418-521.418-521.626-522.042-521.21,tot_clusters:0, 0,n_clusters: 0, 0, with params: {}: 
MACCDC1|, KJL-OCSVM(linear), X_train_shape: X_train_shape:(5000-)|(X_val_shape: ), X_test_shape: (600-25), iat_size(auc: 0.7544+/-0.0823,train_time: 0.00000+/-0.00000,test_time: 0.00471+/-0.00126), => aucs:0.7727388888888888-0.7534611111111111-0.7799055555555554-0.8593833333333334-0.6065055555555555, train_times:0-0-0-0-0, test_times:0.007140232063829899-0.004725096002221108-0.003881245944648981-0.003902406431734562-0.00388848464936018, n_comp: -, -, space_sizes: |model_spaces: 144.909-145.053-144.957-145.005-145.005,tot_clusters:0, 0,n_clusters: 0, 0, with params: {}: 
MACCDC1|, Nystrom-OCSVM(linear), X_train_shape: X_train_shape:(5000-)|(X_val_shape: ), X_test_shape: (600-25), iat_size(auc: 0.8383+/-0.0353,train_time: 0.00000+/-0.00000,test_time: 0.00461+/-0.00041), => aucs:0.8659722222222224-0.8140055555555555-0.8770055555555556-0.8522722222222223-0.7820277777777778, train_times:0-0-0-0-0, test_times:0.005263963155448437-0.004590696562081576-0.004696917161345482-0.00453313048928976-0.003982195071876049, n_comp: -, -, space_sizes: |model_spaces: 144.921-144.969-144.969-144.969-144.969,tot_clusters:0, 0,n_clusters: 0, 0, with params: {}: 
MACCDC1|, KJL-GMM(diag), X_train_shape: X_train_shape:(5000-)|(X_val_shape: ), X_test_shape: (600-25), iat_size(auc: 0.3356+/-0.1890,train_time: 0.00000+/-0.00000,test_time: 0.00396+/-0.00138), => aucs:0.10046111111111108-0.5919722222222223-0.1349166666666667-0.3997722222222223-0.45080555555555557, train_times:0-0-0-0-0, test_times:0.00672755790874362-0.003319849632680416-0.0033020930364727973-0.0032481761649250985-0.003220779728144407, n_comp: -, -, space_sizes: |model_spaces: 24.779-24.779-24.779-24.779-24.779,tot_clusters:0, 0,n_clusters: 0, 0, with params: {}: 
MACCDC1|, Nystrom-GMM(diag), X_train_shape: X_train_shape:(5000-)|(X_val_shape: ), X_test_shape: (600-25), iat_size(auc: 0.4982+/-0.1834,train_time: 0.00000+/-0.00000,test_time: 0.00299+/-0.00028), => aucs:0.32773888888888886-0.6523722222222224-0.22647222222222224-0.63655-0.6479944444444444, train_times:0-0-0-0-0, test_times:0.002755230851471424-0.002571575343608856-0.003086466621607542-0.0032946737483143806-0.0032409608364105226, n_comp: -, -, space_sizes: |model_spaces: 24.791-24.791-24.791-24.791-24.791,tot_clusters:0, 0,n_clusters: 0, 0, with params: {}: 
MACCDC1|, KJL-QS-GMM(diag), X_train, X_test, auc, train, test, => aucs:, train_times:, test_times:, n_comp:, , space_sizes: |model_spaces: ,tot_clusters:, ,n_clusters: , , with params: : 
MACCDC1|, Nystrom-QS-GMM(diag), X_train, X_test, auc, train, test, => aucs:, train_times:, test_times:, n_comp:, , space_sizes: |model_spaces: ,tot_clusters:, ,n_clusters: , , with params: : 
MACCDC1|, KJL-QS-init_GMM(diag), X_train_shape: X_train_shape:(5000-)|(X_val_shape: ), X_test_shape: (600-25), iat_size(auc: 0.5773+/-0.1062,train_time: 0.00000+/-0.00000,test_time: 0.00313+/-0.00038), => aucs:0.5382944444444445-0.6710499999999999-0.5546944444444442-0.4112611111111112-0.7113166666666666, train_times:0-0-0-0-0, test_times:0.002807027194648981-0.0027180240489542485-0.002976899407804012-0.003554990701377392-0.003612681943923235, n_comp: -, -, space_sizes: |model_spaces: 25.219-25.219-25.313-25.313-25.489,tot_clusters:0, 0,n_clusters: 0, 0, with params: {}: 
MACCDC1|, Nystrom-QS-init_GMM(diag), X_train_shape: X_train_shape:(5000-)|(X_val_shape: ), X_test_shape: (600-25), iat_size(auc: 0.6097+/-0.0510,train_time: 0.00000+/-0.00000,test_time: 0.00461+/-0.00084), => aucs:0.5119388888888888-0.6396611111111112-0.6213166666666667-0.6172944444444446-0.6583166666666664, train_times:0-0-0-0-0, test_times:0.004249932430684567-0.0045895098708570005-0.004748068377375602-0.0060201529413461685-0.0034252452664077283, n_comp: -, -, space_sizes: |model_spaces: 25.325-25.325-25.413-25.325-25.413,tot_clusters:0, 0,n_clusters: 0, 0, with params: {}: 
SFRIG1_2020|, OCSVM(rbf), X_train_shape: X_train_shape:(5000-)|(X_val_shape: ), X_test_shape: (600-23), iat_size(auc: 0.9258+/-0.0017,train_time: 0.00000+/-0.00000,test_time: 0.08493+/-0.00229), => aucs:0.9267-0.9281-0.9261833333333336-0.9232111111111111-0.924561111111111, train_times:0-0-0-0-0, test_times:0.08839531345292925-0.08484316393733024-0.08473379369825125-0.08120581107214093-0.08545446200296283, n_comp: -, -, space_sizes: |model_spaces: 481.354-481.162-481.354-481.162-480.97,tot_clusters:0, 0,n_clusters: 0, 0, with params: {}: 
SFRIG1_2020|, KJL-OCSVM(linear), X_train_shape: X_train_shape:(5000-)|(X_val_shape: ), X_test_shape: (600-23), iat_size(auc: 0.7499+/-0.0142,train_time: 0.00000+/-0.00000,test_time: 0.00478+/-0.00082), => aucs:0.7445-0.7383833333333333-0.7424555555555554-0.7777166666666667-0.7463444444444444, train_times:0-0-0-0-0, test_times:0.006403296533972025-0.004342578165233135-0.004458139650523663-0.004448706097900867-0.004227384924888611, n_comp: -, -, space_sizes: |model_spaces: 143.309-143.357-143.357-143.309-143.309,tot_clusters:0, 0,n_clusters: 0, 0, with params: {}: 
SFRIG1_2020|, Nystrom-OCSVM(linear), X_train_shape: X_train_shape:(5000-)|(X_val_shape: ), X_test_shape: (600-23), iat_size(auc: 0.9146+/-0.0025,train_time: 0.00000+/-0.00000,test_time: 0.00450+/-0.00024), => aucs:0.9183555555555557-0.9129444444444446-0.9108888888888889-0.9153111111111112-0.9156222222222222, train_times:0-0-0-0-0, test_times:0.00485049607232213-0.00410809712484479-0.004602558165788651-0.004517624620348215-0.004406549129635095, n_comp: -, -, space_sizes: |model_spaces: 143.369-143.465-143.369-143.369-143.369,tot_clusters:0, 0,n_clusters: 0, 0, with params: {}: 
SFRIG1_2020|, KJL-GMM(diag), X_train_shape: X_train_shape:(5000-)|(X_val_shape: ), X_test_shape: (600-23), iat_size(auc: 0.1698+/-0.0162,train_time: 0.00000+/-0.00000,test_time: 0.00326+/-0.00018), => aucs:0.14818888888888887-0.15731666666666666-0.1804666666666667-0.1937555555555556-0.16942222222222222, train_times:0-0-0-0-0, test_times:0.0034515418112277983-0.0030032786540687083-0.0031998148187994957-0.0031893162056803705-0.0034804090857505797, n_comp: -, -, space_sizes: |model_spaces: 23.179-23.179-23.179-23.179-23.179,tot_clusters:0, 0,n_clusters: 0, 0, with params: {}: 
SFRIG1_2020|, Nystrom-GMM(diag), X_train_shape: X_train_shape:(5000-)|(X_val_shape: ), X_test_shape: (600-23), iat_size(auc: 0.2297+/-0.0034,train_time: 0.00000+/-0.00000,test_time: 0.00356+/-0.00006), => aucs:0.22328888888888893-0.23195555555555553-0.2289333333333333-0.23254444444444444-0.23161111111111116, train_times:0-0-0-0-0, test_times:0.003645950462669134-0.0035476966761052607-0.003590945992618799-0.0035620559938251972-0.0034526271745562555, n_comp: -, -, space_sizes: |model_spaces: 23.191-23.191-23.191-23.191-23.191,tot_clusters:0, 0,n_clusters: 0, 0, with params: {}: 
SFRIG1_2020|, KJL-QS-GMM(diag), X_train, X_test, auc, train, test, => aucs:, train_times:, test_times:, n_comp:, , space_sizes: |model_spaces: ,tot_clusters:, ,n_clusters: , , with params: : 
SFRIG1_2020|, Nystrom-QS-GMM(diag), X_train, X_test, auc, train, test, => aucs:, train_times:, test_times:, n_comp:, , space_sizes: |model_spaces: ,tot_clusters:, ,n_clusters: , , with params: : 
SFRIG1_2020|, KJL-QS-init_GMM(diag), X_train_shape: X_train_shape:(5000-)|(X_val_shape: ), X_test_shape: (600-23), iat_size(auc: 0.4593+/-0.0848,train_time: 0.00000+/-0.00000,test_time: 0.00388+/-0.00010), => aucs:0.44157777777777774-0.5610833333333332-0.43537777777777775-0.5363055555555556-0.32218888888888897, train_times:0-0-0-0-0, test_times:0.004061419144272804-0.0038683662191033364-0.003869932796806097-0.003873716853559017-0.0037361739203333856, n_comp: -, -, space_sizes: |model_spaces: 24.153-24.241-24.065-24.065-23.977,tot_clusters:0, 0,n_clusters: 0, 0, with params: {}: 
SFRIG1_2020|, Nystrom-QS-init_GMM(diag), X_train_shape: X_train_shape:(5000-)|(X_val_shape: ), X_test_shape: (600-23), iat_size(auc: 0.3900+/-0.0982,train_time: 0.00000+/-0.00000,test_time: 0.00332+/-0.00018), => aucs:0.19862222222222226-0.4272-0.4800555555555556-0.4208666666666668-0.4232777777777777, train_times:0-0-0-0-0, test_times:0.0033374893479049205-0.0031390108168125154-0.0033549836836755274-0.003141432348638773-0.0036293881013989447, n_comp: -, -, space_sizes: |model_spaces: 24.341-24.341-24.341-24.429-24.253,tot_clusters:0, 0,n_clusters: 0, 0, with params: {}: 
AECHO1_2020|, OCSVM(rbf), X_train_shape: X_train_shape:(5000-)|(X_val_shape: ), X_test_shape: (600-51), iat_size(auc: 0.8507+/-0.0023,train_time: 0.00000+/-0.00000,test_time: 0.07668+/-0.00161), => aucs:0.85505-0.8497833333333332-0.8481944444444446-0.8503277777777779-0.8502611111111109, train_times:0-0-0-0-0, test_times:0.07372405296191573-0.0776104772463441-0.0783680564723909-0.07734827259555459-0.07632604977115989, n_comp: -, -, space_sizes: |model_spaces: 1041.834-1042.666-1042.25-1042.666-1042.25,tot_clusters:0, 0,n_clusters: 0, 0, with params: {}: 
AECHO1_2020|, KJL-OCSVM(linear), X_train_shape: X_train_shape:(5000-)|(X_val_shape: ), X_test_shape: (600-51), iat_size(auc: 0.6838+/-0.0237,train_time: 0.00000+/-0.00000,test_time: 0.00524+/-0.00185), => aucs:0.6996722222222223-0.7040055555555556-0.6387222222222222-0.6940555555555556-0.6825166666666667, train_times:0-0-0-0-0, test_times:0.008931563049554826-0.004315040167421102-0.00433335779234767-0.004301326442509889-0.004301840346306563, n_comp: -, -, space_sizes: |model_spaces: 165.709-165.709-165.709-165.709-165.709,tot_clusters:0, 0,n_clusters: 0, 0, with params: {}: 
AECHO1_2020|, Nystrom-OCSVM(linear), X_train_shape: X_train_shape:(5000-)|(X_val_shape: ), X_test_shape: (600-51), iat_size(auc: 0.7643+/-0.0145,train_time: 0.00000+/-0.00000,test_time: 0.00488+/-0.00078), => aucs:0.7479555555555557-0.7681777777777778-0.7488444444444443-0.7865944444444446-0.7700722222222222, train_times:0-0-0-0-0, test_times:0.006406616698950529-0.004350978322327137-0.004706497397273779-0.004636637680232525-0.004287750553339719, n_comp: -, -, space_sizes: |model_spaces: 165.769-165.769-165.769-165.769-165.721,tot_clusters:0, 0,n_clusters: 0, 0, with params: {}: 
AECHO1_2020|, KJL-GMM(diag), X_train_shape: X_train_shape:(5000-)|(X_val_shape: ), X_test_shape: (600-51), iat_size(auc: 0.1469+/-0.0670,train_time: 0.00000+/-0.00000,test_time: 0.00287+/-0.00023), => aucs:0.20220555555555553-0.0960055555555556-0.1885722222222222-0.040127777777777776-0.20734999999999998, train_times:0-0-0-0-0, test_times:0.0032059782184660434-0.00263880081474781-0.0025885763578116896-0.0029419190250337124-0.002954430878162384, n_comp: -, -, space_sizes: |model_spaces: 45.579-45.579-45.579-45.579-45.579,tot_clusters:0, 0,n_clusters: 0, 0, with params: {}: 
AECHO1_2020|, Nystrom-GMM(diag), X_train_shape: X_train_shape:(5000-)|(X_val_shape: ), X_test_shape: (600-51), iat_size(auc: 0.0782+/-0.0239,train_time: 0.00000+/-0.00000,test_time: 0.00301+/-0.00023), => aucs:0.07296666666666667-0.06782222222222221-0.05977777777777776-0.06526666666666664-0.12537222222222227, train_times:0-0-0-0-0, test_times:0.002831930946558714-0.0027146341279149057-0.003193004708737135-0.002977761160582304-0.0033403431065380574, n_comp: -, -, space_sizes: |model_spaces: 45.591-45.591-45.591-45.591-45.591,tot_clusters:0, 0,n_clusters: 0, 0, with params: {}: 
AECHO1_2020|, KJL-QS-GMM(diag), X_train, X_test, auc, train, test, => aucs:, train_times:, test_times:, n_comp:, , space_sizes: |model_spaces: ,tot_clusters:, ,n_clusters: , , with params: : 
AECHO1_2020|, Nystrom-QS-GMM(diag), X_train, X_test, auc, train, test, => aucs:, train_times:, test_times:, n_comp:, , space_sizes: |model_spaces: ,tot_clusters:, ,n_clusters: , , with params: : 
AECHO1_2020|, KJL-QS-init_GMM(diag), X_train_shape: X_train_shape:(5000-)|(X_val_shape: ), X_test_shape: (600-51), iat_size(auc: 0.7612+/-0.1379,train_time: 0.00000+/-0.00000,test_time: 0.00386+/-0.00024), => aucs:0.7239277777777778-0.8902833333333332-0.9485666666666669-0.6601166666666667-0.5833166666666667, train_times:0-0-0-0-0, test_times:0.0043213581666350365-0.003853691928088665-0.003690628334879875-0.0037719693034887316-0.003659707773476839, n_comp: -, -, space_sizes: |model_spaces: 46.289-46.817-46.289-46.641-46.289,tot_clusters:0, 0,n_clusters: 0, 0, with params: {}: 
AECHO1_2020|, Nystrom-QS-init_GMM(diag), X_train_shape: X_train_shape:(5000-)|(X_val_shape: ), X_test_shape: (600-51), iat_size(auc: 0.8208+/-0.1262,train_time: 0.00000+/-0.00000,test_time: 0.00391+/-0.00041), => aucs:0.9266666666666665-0.718888888888889-0.9440333333333333-0.8892888888888889-0.6253444444444444, train_times:0-0-0-0-0, test_times:0.004735768400132656-0.0037271879613399506-0.0037139605730772017-0.0037194776348769666-0.003646743297576904, n_comp: -, -, space_sizes: |model_spaces: 46.829-46.741-46.741-46.741-46.741,tot_clusters:0, 0,n_clusters: 0, 0, with params: {}: 
DWSHR_WSHR_2020|, OCSVM(rbf), X_train_shape: X_train_shape:(5000-)|(X_val_shape: ), X_test_shape: (600-21), iat_size(auc: 0.6758+/-0.0071,train_time: 0.00000+/-0.00000,test_time: 0.07802+/-0.00038), => aucs:0.6819722222222224-0.6647277777777777-0.6813388888888887-0.6810722222222225-0.6699833333333333, train_times:0-0-0-0-0, test_times:0.07780090263113379-0.07766354754567147-0.07847407497465611-0.07765910718590022-0.07849863981828094, n_comp: -, -, space_sizes: |model_spaces: 441.29-440.762-441.114-440.938-441.114,tot_clusters:0, 0,n_clusters: 0, 0, with params: {}: 
DWSHR_WSHR_2020|, KJL-OCSVM(linear), X_train_shape: X_train_shape:(5000-)|(X_val_shape: ), X_test_shape: (600-21), iat_size(auc: 0.5940+/-0.0281,train_time: 0.00000+/-0.00000,test_time: 0.00478+/-0.00120), => aucs:0.6346944444444447-0.6022055555555554-0.547238888888889-0.5980444444444444-0.5880222222222221, train_times:0-0-0-0-0, test_times:0.0070829872041940686-0.004854165017604828-0.004019761271774769-0.003981160279363394-0.003976739663630724, n_comp: -, -, space_sizes: |model_spaces: 141.709-141.757-141.709-141.805-141.757,tot_clusters:0, 0,n_clusters: 0, 0, with params: {}: 
DWSHR_WSHR_2020|, Nystrom-OCSVM(linear), X_train_shape: X_train_shape:(5000-)|(X_val_shape: ), X_test_shape: (600-21), iat_size(auc: 0.6559+/-0.0025,train_time: 0.00000+/-0.00000,test_time: 0.00697+/-0.00279), => aucs:0.6536055555555557-0.6585222222222222-0.6541944444444445-0.6539277777777779-0.659338888888889, train_times:0-0-0-0-0, test_times:0.011274345405399799-0.008848452195525169-0.006598411221057176-0.0040696632117033-0.004072984308004379, n_comp: -, -, space_sizes: |model_spaces: 141.865-141.817-141.769-141.817-141.817,tot_clusters:0, 0,n_clusters: 0, 0, with params: {}: 
DWSHR_WSHR_2020|, KJL-GMM(diag), X_train_shape: X_train_shape:(5000-)|(X_val_shape: ), X_test_shape: (600-21), iat_size(auc: 0.3329+/-0.0242,train_time: 0.00000+/-0.00000,test_time: 0.00302+/-0.00027), => aucs:0.36527222222222216-0.3511944444444445-0.33752777777777776-0.30361111111111116-0.3069111111111111, train_times:0-0-0-0-0, test_times:0.002855761721730232-0.0025615102611482145-0.0032176475040614607-0.003238364402204752-0.00322725223377347, n_comp: -, -, space_sizes: |model_spaces: 21.579-21.579-21.579-21.579-21.579,tot_clusters:0, 0,n_clusters: 0, 0, with params: {}: 
DWSHR_WSHR_2020|, Nystrom-GMM(diag), X_train_shape: X_train_shape:(5000-)|(X_val_shape: ), X_test_shape: (600-21), iat_size(auc: 0.3621+/-0.0142,train_time: 0.00000+/-0.00000,test_time: 0.00308+/-0.00056), => aucs:0.3557055555555556-0.3666555555555556-0.3406388888888889-0.3633833333333333-0.383988888888889, train_times:0-0-0-0-0, test_times:0.004127294942736626-0.0031568851321935655-0.002565955463796854-0.002642583567649126-0.0029179713688790797, n_comp: -, -, space_sizes: |model_spaces: 21.591-21.591-21.591-21.591-21.591,tot_clusters:0, 0,n_clusters: 0, 0, with params: {}: 
DWSHR_WSHR_2020|, KJL-QS-GMM(diag), X_train, X_test, auc, train, test, => aucs:, train_times:, test_times:, n_comp:, , space_sizes: |model_spaces: ,tot_clusters:, ,n_clusters: , , with params: : 
DWSHR_WSHR_2020|, Nystrom-QS-GMM(diag), X_train, X_test, auc, train, test, => aucs:, train_times:, test_times:, n_comp:, , space_sizes: |model_spaces: ,tot_clusters:, ,n_clusters: , , with params: : 
DWSHR_WSHR_2020|, KJL-QS-init_GMM(diag), X_train_shape: X_train_shape:(5000-)|(X_val_shape: ), X_test_shape: (600-21), iat_size(auc: 0.6432+/-0.0366,train_time: 0.00000+/-0.00000,test_time: 0.00360+/-0.00006), => aucs:0.660427777777778-0.6507666666666665-0.5992388888888891-0.6988166666666664-0.6067555555555555, train_times:0-0-0-0-0, test_times:0.00370335690677166-0.0035369063727557657-0.0036097198724746706-0.003595577925443649-0.00354881901293993, n_comp: -, -, space_sizes: |model_spaces: 22.729-22.641-22.817-22.729-22.553,tot_clusters:0, 0,n_clusters: 0, 0, with params: {}: 
DWSHR_WSHR_2020|, Nystrom-QS-init_GMM(diag), X_train_shape: X_train_shape:(5000-)|(X_val_shape: ), X_test_shape: (600-21), iat_size(auc: 0.6163+/-0.0175,train_time: 0.00000+/-0.00000,test_time: 0.00379+/-0.00007), => aucs:0.6389999999999999-0.6041666666666665-0.5892277777777778-0.6258777777777778-0.6230944444444444, train_times:0-0-0-0-0, test_times:0.003922924492508173-0.003764747455716133-0.003771950025111437-0.003769788984209299-0.0037066562101244925, n_comp: -, -, space_sizes: |model_spaces: 23.093-23.181-23.269-23.269-23.005,tot_clusters:0, 0,n_clusters: 0, 0, with params: {}: 
