UNB345_3|, OCSVM(rbf), X_train_shape: X_train_shape:(5000-)|(X_val_shape: ), X_test_shape: (600-47), iat_size(auc: 0.5852+/-0.0034,train_time: 0.00000+/-0.00000,test_time: 0.42644+/-0.00230), => aucs:0.5788777777777779-0.5865333333333334-0.5876777777777777-0.5845666666666668-0.5881055555555557, train_times:0-0-0-0-0, test_times:0.4287305676727556-0.4290826478856616-0.4234101068577729-0.426757132448256-0.4242106899502687, n_comp: -, -, space_sizes: |model_spaces: 962.506-962.506-961.738-962.89-962.89,tot_clusters:0, 0,n_clusters: 0, 0, with params: {}: 
UNB345_3|, KJL-OCSVM(linear), X_train_shape: X_train_shape:(5000-)|(X_val_shape: ), X_test_shape: (600-47), iat_size(auc: 0.3830+/-0.1971,train_time: 0.00000+/-0.00000,test_time: 0.05921+/-0.00008), => aucs:0.5166222222222224-0.5522833333333332-0.2151555555555555-0.08037222222222226-0.5505222222222221, train_times:0-0-0-0-0, test_times:0.05928568625822663-0.05922498842701316-0.05923930801218376-0.059263327578082683-0.05905087692663073, n_comp: -, -, space_sizes: |model_spaces: 162.509-162.509-162.509-162.557-162.509,tot_clusters:0, 0,n_clusters: 0, 0, with params: {}: 
UNB345_3|, Nystrom-OCSVM(linear), X_train_shape: X_train_shape:(5000-)|(X_val_shape: ), X_test_shape: (600-47), iat_size(auc: 0.3702+/-0.1704,train_time: 0.00000+/-0.00000,test_time: 0.05926+/-0.00006), => aucs:0.19606666666666672-0.5769444444444446-0.17214999999999994-0.3549222222222222-0.5507944444444444, train_times:0-0-0-0-0, test_times:0.059332092921249566-0.0592772341449745-0.05930987497558817-0.059182072267867626-0.05921879067318514, n_comp: -, -, space_sizes: |model_spaces: 162.521-162.521-162.521-162.521-162.521,tot_clusters:0, 0,n_clusters: 0, 0, with params: {}: 
UNB345_3|, KJL-GMM(full), X_train_shape: X_train_shape:(5000-)|(X_val_shape: ), X_test_shape: (600-47), iat_size(auc: 0.7962+/-0.0741,train_time: 0.00000+/-0.00000,test_time: 0.01560+/-0.00007), => aucs:0.7846444444444443-0.6564166666666666-0.8501388888888888-0.8540611111111112-0.835538888888889, train_times:0-0-0-0-0, test_times:0.015652357565704732-0.0156080752145499-0.015532927587628365-0.015689745324198156-0.01552042521070689, n_comp: -, -, space_sizes: |model_spaces: 42.541-42.541-42.541-42.541-42.541,tot_clusters:0, 0,n_clusters: 0, 0, with params: {}: 
UNB345_3|, Nystrom-GMM(full), X_train_shape: X_train_shape:(5000-)|(X_val_shape: ), X_test_shape: (600-47), iat_size(auc: 0.7647+/-0.1291,train_time: 0.00000+/-0.00000,test_time: 0.01555+/-0.00006), => aucs:0.5924777777777777-0.625188888888889-0.9032166666666666-0.852588888888889-0.8499722222222224, train_times:0-0-0-0-0, test_times:0.01559329779120162-0.015602616278920322-0.015600605658255518-0.015498966595623642-0.015473722002934665, n_comp: -, -, space_sizes: |model_spaces: 42.553-42.553-42.553-42.553-42.553,tot_clusters:0, 0,n_clusters: 0, 0, with params: {}: 
UNB345_3|, KJL-QS-GMM(full), X_train, X_test, auc, train, test, => aucs:, train_times:, test_times:, n_comp:, , space_sizes: |model_spaces: ,tot_clusters:, ,n_clusters: , , with params: : 
UNB345_3|, Nystrom-QS-GMM(full), X_train, X_test, auc, train, test, => aucs:, train_times:, test_times:, n_comp:, , space_sizes: |model_spaces: ,tot_clusters:, ,n_clusters: , , with params: : 
UNB345_3|, KJL-QS-init_GMM(full), X_train_shape: X_train_shape:(5000-)|(X_val_shape: ), X_test_shape: (600-47), iat_size(auc: 0.8670+/-0.0350,train_time: 0.00000+/-0.00000,test_time: 0.01725+/-0.00061), => aucs:0.864022222222222-0.8163888888888889-0.9248555555555557-0.8747777777777778-0.8549444444444447, train_times:0-0-0-0-0, test_times:0.017034369835164397-0.018432449945248664-0.017053515638690443-0.01703258961206302-0.01667776769027114, n_comp: -, -, space_sizes: |model_spaces: 43.536-44.531-43.536-43.536-43.288,tot_clusters:0, 0,n_clusters: 0, 0, with params: {}: 
UNB345_3|, Nystrom-QS-init_GMM(full), X_train_shape: X_train_shape:(5000-)|(X_val_shape: ), X_test_shape: (600-47), iat_size(auc: 0.9224+/-0.0373,train_time: 0.00000+/-0.00000,test_time: 0.02194+/-0.00030), => aucs:0.8873555555555555-0.9137111111111113-0.9658833333333335-0.9660166666666669-0.879061111111111, train_times:0-0-0-0-0, test_times:0.022182095213793218-0.022095067100599407-0.022077813919167966-0.021348302159458397-0.02200904521159828, n_comp: -, -, space_sizes: |model_spaces: 47.271-47.271-47.271-46.775-47.271,tot_clusters:0, 0,n_clusters: 0, 0, with params: {}: 
CTU1|, OCSVM(rbf), X_train_shape: X_train_shape:(5000-)|(X_val_shape: ), X_test_shape: (600-23), iat_size(auc: 0.5896+/-0.0245,train_time: 0.00000+/-0.00000,test_time: 0.40183+/-0.00103), => aucs:0.564188888888889-0.5829777777777778-0.5831111111111114-0.5811888888888889-0.6365333333333332, train_times:0-0-0-0-0, test_times:0.4038853649166413-0.4013762639719062-0.401179016882088-0.40122704568784684-0.4014682048582472, n_comp: -, -, space_sizes: |model_spaces: 481.546-481.354-481.354-481.354-481.354,tot_clusters:0, 0,n_clusters: 0, 0, with params: {}: 
CTU1|, KJL-OCSVM(linear), X_train_shape: X_train_shape:(5000-)|(X_val_shape: ), X_test_shape: (600-23), iat_size(auc: 0.4394+/-0.0643,train_time: 0.00000+/-0.00000,test_time: 0.05863+/-0.00002), => aucs:0.5385277777777778-0.4578444444444445-0.45134444444444444-0.4058777777777777-0.34315555555555555, train_times:0-0-0-0-0, test_times:0.0586014669504948-0.05865102979587391-0.05861972006969154-0.05861865389160812-0.05865117160137743, n_comp: -, -, space_sizes: |model_spaces: 143.357-143.309-143.309-143.309-143.309,tot_clusters:0, 0,n_clusters: 0, 0, with params: {}: 
CTU1|, Nystrom-OCSVM(linear), X_train_shape: X_train_shape:(5000-)|(X_val_shape: ), X_test_shape: (600-23), iat_size(auc: 0.4438+/-0.0916,train_time: 0.00000+/-0.00000,test_time: 0.05865+/-0.00010), => aucs:0.47204444444444443-0.39222777777777773-0.6082944444444445-0.3460388888888889-0.4002777777777776, train_times:0-0-0-0-0, test_times:0.058812847710214555-0.058636539685539904-0.05860327580012381-0.05871135308407247-0.05850738612934947, n_comp: -, -, space_sizes: |model_spaces: 143.465-143.369-143.369-143.369-143.417,tot_clusters:0, 0,n_clusters: 0, 0, with params: {}: 
CTU1|, KJL-GMM(full), X_train_shape: X_train_shape:(5000-)|(X_val_shape: ), X_test_shape: (600-23), iat_size(auc: 0.3785+/-0.0373,train_time: 0.00000+/-0.00000,test_time: 0.01471+/-0.00004), => aucs:0.38197222222222216-0.38341111111111115-0.3127333333333333-0.3856777777777777-0.4288833333333334, train_times:0-0-0-0-0, test_times:0.014758460829034448-0.014691418211441487-0.014743385300971568-0.01465969766722992-0.014698669768404216, n_comp: -, -, space_sizes: |model_spaces: 23.341-23.341-23.341-23.341-23.341,tot_clusters:0, 0,n_clusters: 0, 0, with params: {}: 
CTU1|, Nystrom-GMM(full), X_train_shape: X_train_shape:(5000-)|(X_val_shape: ), X_test_shape: (600-23), iat_size(auc: 0.3681+/-0.0252,train_time: 0.00000+/-0.00000,test_time: 0.01470+/-0.00002), => aucs:0.3790888888888889-0.3711944444444445-0.3192611111111112-0.39081111111111105-0.38018333333333326, train_times:0-0-0-0-0, test_times:0.014706539281178266-0.014694813615642488-0.014723289117682725-0.01466673887334764-0.014729412901215256, n_comp: -, -, space_sizes: |model_spaces: 23.353-23.353-23.353-23.353-23.353,tot_clusters:0, 0,n_clusters: 0, 0, with params: {}: 
CTU1|, KJL-QS-GMM(full), X_train, X_test, auc, train, test, => aucs:, train_times:, test_times:, n_comp:, , space_sizes: |model_spaces: ,tot_clusters:, ,n_clusters: , , with params: : 
CTU1|, Nystrom-QS-GMM(full), X_train, X_test, auc, train, test, => aucs:, train_times:, test_times:, n_comp:, , space_sizes: |model_spaces: ,tot_clusters:, ,n_clusters: , , with params: : 
CTU1|, KJL-QS-init_GMM(full), X_train_shape: X_train_shape:(5000-)|(X_val_shape: ), X_test_shape: (600-23), iat_size(auc: 0.6706+/-0.0135,train_time: 0.00000+/-0.00000,test_time: 0.01829+/-0.00082), => aucs:0.6789555555555554-0.6831111111111112-0.6660777777777779-0.6461000000000001-0.6786777777777779, train_times:0-0-0-0-0, test_times:0.018979398533701897-0.01696466051507741-0.0193068886292167-0.018268887291196734-0.017921553377527745, n_comp: -, -, space_sizes: |model_spaces: 26.323-24.835-26.571-25.827-25.579,tot_clusters:0, 0,n_clusters: 0, 0, with params: {}: 
CTU1|, Nystrom-QS-init_GMM(full), X_train_shape: X_train_shape:(5000-)|(X_val_shape: ), X_test_shape: (600-23), iat_size(auc: 0.7255+/-0.0413,train_time: 0.00000+/-0.00000,test_time: 0.01963+/-0.00046), => aucs:0.6954277777777775-0.7253388888888888-0.8053333333333332-0.6980888888888888-0.7030777777777779, train_times:0-0-0-0-0, test_times:0.02001644930569455-0.019994466460775583-0.019963935820851476-0.019265062967315318-0.018899155175313355, n_comp: -, -, space_sizes: |model_spaces: 27.079-27.079-27.079-26.583-26.335,tot_clusters:0, 0,n_clusters: 0, 0, with params: {}: 
MAWI1_2020|, OCSVM(rbf), X_train_shape: X_train_shape:(5000-)|(X_val_shape: ), X_test_shape: (600-121), iat_size(auc: 0.9856+/-0.0020,train_time: 0.00000+/-0.00000,test_time: 0.47291+/-0.00018), => aucs:0.9866666666666669-0.9866666666666669-0.9866666666666669-0.9865-0.9815333333333335, train_times:0-0-0-0-0, test_times:0.47302725156769154-0.47259003698127344-0.47302458082558585-0.4730587527854368-0.4728499407414347, n_comp: -, -, space_sizes: |model_spaces: 2446.442-2449.37-2446.442-2447.418-2447.418,tot_clusters:0, 0,n_clusters: 0, 0, with params: {}: 
MAWI1_2020|, KJL-OCSVM(linear), X_train_shape: X_train_shape:(5000-)|(X_val_shape: ), X_test_shape: (600-121), iat_size(auc: 0.8080+/-0.0049,train_time: 0.00000+/-0.00000,test_time: 0.06379+/-0.00005), => aucs:0.8033333333333333-0.8166666666666667-0.8033333333333333-0.8083333333333333-0.8083333333333333, train_times:0-0-0-0-0, test_times:0.0638032408664003-0.06376290837069973-0.06370752628426998-0.06383361206389963-0.06383294224506245, n_comp: -, -, space_sizes: |model_spaces: 221.709-221.709-221.709-221.709-221.709,tot_clusters:0, 0,n_clusters: 0, 0, with params: {}: 
MAWI1_2020|, Nystrom-OCSVM(linear), X_train_shape: X_train_shape:(5000-)|(X_val_shape: ), X_test_shape: (600-121), iat_size(auc: 0.8453+/-0.0024,train_time: 0.00000+/-0.00000,test_time: 0.06378+/-0.00001), => aucs:0.8483333333333333-0.8433333333333334-0.8416666666666666-0.8466666666666669-0.8466666666666669, train_times:0-0-0-0-0, test_times:0.06375948520144448-0.06377889886498452-0.06378462569555268-0.0637977869482711-0.06378904581069947, n_comp: -, -, space_sizes: |model_spaces: 221.721-221.721-221.721-221.673-221.721,tot_clusters:0, 0,n_clusters: 0, 0, with params: {}: 
MAWI1_2020|, KJL-GMM(full), X_train_shape: X_train_shape:(5000-)|(X_val_shape: ), X_test_shape: (600-121), iat_size(auc: 0.2280+/-0.0198,train_time: 0.00000+/-0.00000,test_time: 0.01959+/-0.00002), => aucs:0.21999999999999992-0.2166666666666667-0.22999999999999998-0.26499999999999996-0.20833333333333334, train_times:0-0-0-0-0, test_times:0.019634827307891102-0.019570519542321564-0.0195645910105668-0.01959097912767902-0.019597378163598477, n_comp: -, -, space_sizes: |model_spaces: 101.741-101.741-101.741-101.741-101.741,tot_clusters:0, 0,n_clusters: 0, 0, with params: {}: 
MAWI1_2020|, Nystrom-GMM(full), X_train_shape: X_train_shape:(5000-)|(X_val_shape: ), X_test_shape: (600-121), iat_size(auc: 0.4160+/-0.0416,train_time: 0.00000+/-0.00000,test_time: 0.01961+/-0.00003), => aucs:0.4383333333333333-0.3533333333333334-0.38-0.45166666666666655-0.4566666666666667, train_times:0-0-0-0-0, test_times:0.01965054644970223-0.019560272363014518-0.019626519386656584-0.01961018922738731-0.019599429843947292, n_comp: -, -, space_sizes: |model_spaces: 101.753-101.753-101.753-101.753-101.753,tot_clusters:0, 0,n_clusters: 0, 0, with params: {}: 
MAWI1_2020|, KJL-QS-GMM(full), X_train, X_test, auc, train, test, => aucs:, train_times:, test_times:, n_comp:, , space_sizes: |model_spaces: ,tot_clusters:, ,n_clusters: , , with params: : 
MAWI1_2020|, Nystrom-QS-GMM(full), X_train, X_test, auc, train, test, => aucs:, train_times:, test_times:, n_comp:, , space_sizes: |model_spaces: ,tot_clusters:, ,n_clusters: , , with params: : 
MAWI1_2020|, KJL-QS-init_GMM(full), X_train_shape: X_train_shape:(5000-)|(X_val_shape: ), X_test_shape: (600-121), iat_size(auc: 0.1247+/-0.0046,train_time: 0.00000+/-0.00000,test_time: 0.02624+/-0.00007), => aucs:0.12333333333333325-0.13333333333333336-0.12000000000000002-0.125-0.12166666666666663, train_times:0-0-0-0-0, test_times:0.026382919528987258-0.026218204793985934-0.026184027059935035-0.026255305553786457-0.026178818894550204, n_comp: -, -, space_sizes: |model_spaces: 106.459-106.459-106.459-106.459-106.459,tot_clusters:0, 0,n_clusters: 0, 0, with params: {}: 
MAWI1_2020|, Nystrom-QS-init_GMM(full), X_train_shape: X_train_shape:(5000-)|(X_val_shape: ), X_test_shape: (600-121), iat_size(auc: 0.1540+/-0.0031,train_time: 0.00000+/-0.00000,test_time: 0.02619+/-0.00005), => aucs:0.1516666666666667-0.15666666666666668-0.1583333333333333-0.15333333333333332-0.15, train_times:0-0-0-0-0, test_times:0.026286609668750315-0.026124145707581193-0.026190546248108147-0.02615587307373062-0.02618295665597543, n_comp: -, -, space_sizes: |model_spaces: 106.471-106.471-106.471-106.471-106.471,tot_clusters:0, 0,n_clusters: 0, 0, with params: {}: 
MACCDC1|, OCSVM(rbf), X_train_shape: X_train_shape:(5000-)|(X_val_shape: ), X_test_shape: (600-25), iat_size(auc: 0.8089+/-0.0265,train_time: 0.00000+/-0.00000,test_time: 0.40324+/-0.00112), => aucs:0.8018055555555555-0.8070166666666665-0.7643277777777778-0.8311055555555557-0.8400166666666667, train_times:0-0-0-0-0, test_times:0.4027187116909772-0.40310178254731-0.40521849431097506-0.403368906211108-0.4017905091866851, n_comp: -, -, space_sizes: |model_spaces: 521.418-521.418-521.626-522.042-521.21,tot_clusters:0, 0,n_clusters: 0, 0, with params: {}: 
MACCDC1|, KJL-OCSVM(linear), X_train_shape: X_train_shape:(5000-)|(X_val_shape: ), X_test_shape: (600-25), iat_size(auc: 0.7544+/-0.0823,train_time: 0.00000+/-0.00000,test_time: 0.05912+/-0.00009), => aucs:0.7727388888888888-0.7534611111111111-0.7799055555555554-0.8593833333333334-0.6065055555555556, train_times:0-0-0-0-0, test_times:0.059186923352535815-0.05921841996023432-0.059132472868077456-0.058973487373441456-0.05908724537584931, n_comp: -, -, space_sizes: |model_spaces: 144.909-145.053-144.957-145.005-145.005,tot_clusters:0, 0,n_clusters: 0, 0, with params: {}: 
MACCDC1|, Nystrom-OCSVM(linear), X_train_shape: X_train_shape:(5000-)|(X_val_shape: ), X_test_shape: (600-25), iat_size(auc: 0.8383+/-0.0353,train_time: 0.00000+/-0.00000,test_time: 0.05920+/-0.00005), => aucs:0.8659722222222224-0.8140055555555555-0.8770055555555555-0.8522722222222223-0.7820277777777778, train_times:0-0-0-0-0, test_times:0.05918844502884894-0.05925547684310004-0.059119035280309616-0.05921793791931122-0.05921227907529101, n_comp: -, -, space_sizes: |model_spaces: 144.921-144.969-144.969-144.969-144.969,tot_clusters:0, 0,n_clusters: 0, 0, with params: {}: 
MACCDC1|, KJL-GMM(full), X_train_shape: X_train_shape:(5000-)|(X_val_shape: ), X_test_shape: (600-25), iat_size(auc: 0.4758+/-0.1695,train_time: 0.00000+/-0.00000,test_time: 0.01488+/-0.00006), => aucs:0.20854999999999996-0.6062388888888889-0.6064388888888889-0.3408611111111111-0.6170611111111111, train_times:0-0-0-0-0, test_times:0.014943253807723522-0.014843505807220936-0.014926273282617331-0.014919429109431804-0.014785124675836415, n_comp: -, -, space_sizes: |model_spaces: 24.941-24.941-24.941-24.941-24.941,tot_clusters:0, 0,n_clusters: 0, 0, with params: {}: 
MACCDC1|, Nystrom-GMM(full), X_train_shape: X_train_shape:(5000-)|(X_val_shape: ), X_test_shape: (600-25), iat_size(auc: 0.6146+/-0.2349,train_time: 0.00000+/-0.00000,test_time: 0.01488+/-0.00005), => aucs:0.4567499999999999-0.8419277777777779-0.2295944444444445-0.7489611111111111-0.7960055555555557, train_times:0-0-0-0-0, test_times:0.014912634412758053-0.014885705325286835-0.014909436623565853-0.014913280657492579-0.014775057346560061, n_comp: -, -, space_sizes: |model_spaces: 24.953-24.953-24.953-24.953-24.953,tot_clusters:0, 0,n_clusters: 0, 0, with params: {}: 
MACCDC1|, KJL-QS-GMM(full), X_train, X_test, auc, train, test, => aucs:, train_times:, test_times:, n_comp:, , space_sizes: |model_spaces: ,tot_clusters:, ,n_clusters: , , with params: : 
MACCDC1|, Nystrom-QS-GMM(full), X_train, X_test, auc, train, test, => aucs:, train_times:, test_times:, n_comp:, , space_sizes: |model_spaces: ,tot_clusters:, ,n_clusters: , , with params: : 
MACCDC1|, KJL-QS-init_GMM(full), X_train_shape: X_train_shape:(5000-)|(X_val_shape: ), X_test_shape: (600-25), iat_size(auc: 0.8205+/-0.0545,train_time: 0.00000+/-0.00000,test_time: 0.01711+/-0.00038), => aucs:0.80245-0.8526277777777777-0.8744055555555554-0.8508944444444445-0.7221722222222221, train_times:0-0-0-0-0, test_times:0.016751085710711777-0.016764605534262955-0.017119419178925455-0.017130919895134867-0.01780398815171793, n_comp: -, -, space_sizes: |model_spaces: 26.184-26.184-26.435-26.435-26.931,tot_clusters:0, 0,n_clusters: 0, 0, with params: {}: 
MACCDC1|, Nystrom-QS-init_GMM(full), X_train_shape: X_train_shape:(5000-)|(X_val_shape: ), X_test_shape: (600-25), iat_size(auc: 0.8473+/-0.0497,train_time: 0.00000+/-0.00000,test_time: 0.01721+/-0.00017), => aucs:0.7884277777777775-0.8191388888888887-0.8766388888888889-0.823161111111111-0.9289277777777777, train_times:0-0-0-0-0, test_times:0.017120129102841018-0.017093309236224742-0.01743688735878095-0.016990191070362926-0.017386165109928697, n_comp: -, -, space_sizes: |model_spaces: 26.447-26.447-26.695-26.447-26.695,tot_clusters:0, 0,n_clusters: 0, 0, with params: {}: 
SFRIG1_2020|, OCSVM(rbf), X_train_shape: X_train_shape:(5000-)|(X_val_shape: ), X_test_shape: (600-23), iat_size(auc: 0.9258+/-0.0017,train_time: 0.00000+/-0.00000,test_time: 0.40605+/-0.00080), => aucs:0.9267-0.9281-0.9261833333333336-0.9232111111111111-0.924561111111111, train_times:0-0-0-0-0, test_times:0.4054874527733773-0.4061031674849801-0.4068861153908074-0.40486530514899643-0.40692300121299924, n_comp: -, -, space_sizes: |model_spaces: 481.354-481.162-481.354-481.162-480.97,tot_clusters:0, 0,n_clusters: 0, 0, with params: {}: 
SFRIG1_2020|, KJL-OCSVM(linear), X_train_shape: X_train_shape:(5000-)|(X_val_shape: ), X_test_shape: (600-23), iat_size(auc: 0.7499+/-0.0142,train_time: 0.00000+/-0.00000,test_time: 0.05922+/-0.00003), => aucs:0.7445-0.7383833333333333-0.7424555555555554-0.7777166666666667-0.7463444444444444, train_times:0-0-0-0-0, test_times:0.05921142403967679-0.059231814823579046-0.059262913337443025-0.05924171103397384-0.05916061790194362, n_comp: -, -, space_sizes: |model_spaces: 143.309-143.357-143.357-143.309-143.309,tot_clusters:0, 0,n_clusters: 0, 0, with params: {}: 
SFRIG1_2020|, Nystrom-OCSVM(linear), X_train_shape: X_train_shape:(5000-)|(X_val_shape: ), X_test_shape: (600-23), iat_size(auc: 0.9146+/-0.0025,train_time: 0.00000+/-0.00000,test_time: 0.05920+/-0.00006), => aucs:0.9183555555555557-0.9129444444444446-0.9108888888888889-0.9153111111111112-0.9156222222222222, train_times:0-0-0-0-0, test_times:0.059131961711682376-0.05921167840715498-0.05915075344964862-0.05930234893457964-0.059211172547657044, n_comp: -, -, space_sizes: |model_spaces: 143.369-143.465-143.369-143.369-143.369,tot_clusters:0, 0,n_clusters: 0, 0, with params: {}: 
SFRIG1_2020|, KJL-GMM(full), X_train_shape: X_train_shape:(5000-)|(X_val_shape: ), X_test_shape: (600-23), iat_size(auc: 0.1656+/-0.0674,train_time: 0.00000+/-0.00000,test_time: 0.01495+/-0.00003), => aucs:0.1551-0.10171666666666668-0.14633333333333332-0.1295666666666667-0.2953444444444445, train_times:0-0-0-0-0, test_times:0.014980369445402176-0.014891472936142236-0.01498744790442288-0.01495162295177579-0.014947565633337944, n_comp: -, -, space_sizes: |model_spaces: 23.341-23.341-23.341-23.341-23.341,tot_clusters:0, 0,n_clusters: 0, 0, with params: {}: 
SFRIG1_2020|, Nystrom-GMM(full), X_train_shape: X_train_shape:(5000-)|(X_val_shape: ), X_test_shape: (600-23), iat_size(auc: 0.6887+/-0.0016,train_time: 0.00000+/-0.00000,test_time: 0.01495+/-0.00004), => aucs:0.6908555555555558-0.6875944444444444-0.6863111111111111-0.6895888888888887-0.689088888888889, train_times:0-0-0-0-0, test_times:0.014996121055446565-0.014973701222334056-0.014934937900397927-0.014960696396883577-0.014873614348471165, n_comp: -, -, space_sizes: |model_spaces: 23.353-23.353-23.353-23.353-23.353,tot_clusters:0, 0,n_clusters: 0, 0, with params: {}: 
SFRIG1_2020|, KJL-QS-GMM(full), X_train, X_test, auc, train, test, => aucs:, train_times:, test_times:, n_comp:, , space_sizes: |model_spaces: ,tot_clusters:, ,n_clusters: , , with params: : 
SFRIG1_2020|, Nystrom-QS-GMM(full), X_train, X_test, auc, train, test, => aucs:, train_times:, test_times:, n_comp:, , space_sizes: |model_spaces: ,tot_clusters:, ,n_clusters: , , with params: : 
SFRIG1_2020|, KJL-QS-init_GMM(full), X_train_shape: X_train_shape:(5000-)|(X_val_shape: ), X_test_shape: (600-23), iat_size(auc: 0.7648+/-0.0539,train_time: 0.00000+/-0.00000,test_time: 0.01862+/-0.00037), => aucs:0.6949666666666665-0.7349277777777777-0.8573777777777778-0.7768277777777777-0.76, train_times:0-0-0-0-0, test_times:0.018942812120076268-0.019141683354973793-0.018443415721412747-0.018418800935614855-0.018142295849975197, n_comp: -, -, space_sizes: |model_spaces: 26.075-26.323-25.827-25.827-25.579,tot_clusters:0, 0,n_clusters: 0, 0, with params: {}: 
SFRIG1_2020|, Nystrom-QS-init_GMM(full), X_train_shape: X_train_shape:(5000-)|(X_val_shape: ), X_test_shape: (600-23), iat_size(auc: 0.3920+/-0.0964,train_time: 0.00000+/-0.00000,test_time: 0.01956+/-0.00026), => aucs:0.20404444444444442-0.4267722222222223-0.48033333333333356-0.4237555555555555-0.4249111111111111, train_times:0-0-0-0-0, test_times:0.019562104530632497-0.019602659903466702-0.01952930270927027-0.01996599999256432-0.01914796105120331, n_comp: -, -, space_sizes: |model_spaces: 26.583-26.583-26.583-26.831-26.335,tot_clusters:0, 0,n_clusters: 0, 0, with params: {}: 
AECHO1_2020|, OCSVM(rbf), X_train_shape: X_train_shape:(5000-)|(X_val_shape: ), X_test_shape: (600-51), iat_size(auc: 0.8507+/-0.0023,train_time: 0.00000+/-0.00000,test_time: 0.42436+/-0.00200), => aucs:0.85505-0.8497833333333332-0.8481944444444446-0.8503277777777779-0.8502611111111109, train_times:0-0-0-0-0, test_times:0.42278163667069746-0.42515865782042966-0.4231222068890929-0.42795342073077336-0.4227793429396115, n_comp: -, -, space_sizes: |model_spaces: 1041.834-1042.666-1042.25-1042.666-1042.25,tot_clusters:0, 0,n_clusters: 0, 0, with params: {}: 
AECHO1_2020|, KJL-OCSVM(linear), X_train_shape: X_train_shape:(5000-)|(X_val_shape: ), X_test_shape: (600-51), iat_size(auc: 0.6838+/-0.0237,train_time: 0.00000+/-0.00000,test_time: 0.06019+/-0.00002), => aucs:0.6996722222222223-0.7040055555555556-0.6387222222222222-0.6940555555555556-0.6825166666666667, train_times:0-0-0-0-0, test_times:0.060203833843115714-0.06018240539124235-0.06021693367511034-0.06018641327973455-0.06015405034413561, n_comp: -, -, space_sizes: |model_spaces: 165.709-165.709-165.709-165.709-165.709,tot_clusters:0, 0,n_clusters: 0, 0, with params: {}: 
AECHO1_2020|, Nystrom-OCSVM(linear), X_train_shape: X_train_shape:(5000-)|(X_val_shape: ), X_test_shape: (600-51), iat_size(auc: 0.7643+/-0.0145,train_time: 0.00000+/-0.00000,test_time: 0.06022+/-0.00003), => aucs:0.7479555555555557-0.7681777777777778-0.7488444444444443-0.7865944444444446-0.7700722222222222, train_times:0-0-0-0-0, test_times:0.06023608722025529-0.0602563779335469-0.060239005030598494-0.06021063171792775-0.06016096160747111, n_comp: -, -, space_sizes: |model_spaces: 165.769-165.769-165.769-165.769-165.721,tot_clusters:0, 0,n_clusters: 0, 0, with params: {}: 
AECHO1_2020|, KJL-GMM(full), X_train_shape: X_train_shape:(5000-)|(X_val_shape: ), X_test_shape: (600-51), iat_size(auc: 0.0379+/-0.0221,train_time: 0.00000+/-0.00000,test_time: 0.01577+/-0.00007), => aucs:0.0499388888888889-0.016416666666666673-0.021444444444444467-0.02600555555555555-0.07551666666666668, train_times:0-0-0-0-0, test_times:0.01579309590160847-0.015838195045944303-0.015791073185391725-0.01563241695985198-0.015798252646345646, n_comp: -, -, space_sizes: |model_spaces: 45.741-45.741-45.741-45.741-45.741,tot_clusters:0, 0,n_clusters: 0, 0, with params: {}: 
AECHO1_2020|, Nystrom-GMM(full), X_train_shape: X_train_shape:(5000-)|(X_val_shape: ), X_test_shape: (600-51), iat_size(auc: 0.1570+/-0.0245,train_time: 0.00000+/-0.00000,test_time: 0.01554+/-0.00050), => aucs:0.13265555555555558-0.14781111111111117-0.1326777777777778-0.18165555555555551-0.19038333333333327, train_times:0-0-0-0-0, test_times:0.015840234234929085-0.01583349711727351-0.015720303531270474-0.01455095160054043-0.015743190876673908, n_comp: -, -, space_sizes: |model_spaces: 45.753-45.753-45.753-45.753-45.753,tot_clusters:0, 0,n_clusters: 0, 0, with params: {}: 
AECHO1_2020|, KJL-QS-GMM(full), X_train, X_test, auc, train, test, => aucs:, train_times:, test_times:, n_comp:, , space_sizes: |model_spaces: ,tot_clusters:, ,n_clusters: , , with params: : 
AECHO1_2020|, Nystrom-QS-GMM(full), X_train, X_test, auc, train, test, => aucs:, train_times:, test_times:, n_comp:, , space_sizes: |model_spaces: ,tot_clusters:, ,n_clusters: , , with params: : 
AECHO1_2020|, KJL-QS-init_GMM(full), X_train_shape: X_train_shape:(5000-)|(X_val_shape: ), X_test_shape: (600-51), iat_size(auc: 0.8197+/-0.0769,train_time: 0.00000+/-0.00000,test_time: 0.01926+/-0.00085), => aucs:0.7709055555555557-0.8971499999999999-0.818877777777778-0.907861111111111-0.7039222222222221, train_times:0-0-0-0-0, test_times:0.018698080151807517-0.020689886261243372-0.01858850537100807-0.019792840466834605-0.018554328591562808, n_comp: -, -, space_sizes: |model_spaces: 47.731-49.219-47.731-48.723-47.731,tot_clusters:0, 0,n_clusters: 0, 0, with params: {}: 
AECHO1_2020|, Nystrom-QS-init_GMM(full), X_train_shape: X_train_shape:(5000-)|(X_val_shape: ), X_test_shape: (600-51), iat_size(auc: 0.9270+/-0.0484,train_time: 0.00000+/-0.00000,test_time: 0.02042+/-0.00021), => aucs:0.9469444444444445-0.9552499999999998-0.9535666666666666-0.948872222222222-0.8303333333333335, train_times:0-0-0-0-0, test_times:0.020836315746419132-0.020308206125628205-0.020372594799846412-0.020296706154476853-0.020297252351883798, n_comp: -, -, space_sizes: |model_spaces: 49.231-48.983-48.983-48.983-48.983,tot_clusters:0, 0,n_clusters: 0, 0, with params: {}: 
DWSHR_WSHR_2020|, OCSVM(rbf), X_train_shape: X_train_shape:(5000-)|(X_val_shape: ), X_test_shape: (600-21), iat_size(auc: 0.6758+/-0.0071,train_time: 0.00000+/-0.00000,test_time: 0.40108+/-0.00074), => aucs:0.6819722222222224-0.6647277777777776-0.6813388888888887-0.6810722222222225-0.6699833333333333, train_times:0-0-0-0-0, test_times:0.4024339735507965-0.40059024245711045-0.40053867691894995-0.40131220443872734-0.40053472412982954, n_comp: -, -, space_sizes: |model_spaces: 441.29-440.762-441.114-440.938-441.114,tot_clusters:0, 0,n_clusters: 0, 0, with params: {}: 
DWSHR_WSHR_2020|, KJL-OCSVM(linear), X_train_shape: X_train_shape:(5000-)|(X_val_shape: ), X_test_shape: (600-21), iat_size(auc: 0.5940+/-0.0281,train_time: 0.00000+/-0.00000,test_time: 0.05895+/-0.00009), => aucs:0.6346944444444447-0.6022055555555554-0.547238888888889-0.5980444444444443-0.5880222222222221, train_times:0-0-0-0-0, test_times:0.058844761399086565-0.059067834611050786-0.058943249913863835-0.05886703606229275-0.05905138386879116, n_comp: -, -, space_sizes: |model_spaces: 141.709-141.757-141.709-141.805-141.757,tot_clusters:0, 0,n_clusters: 0, 0, with params: {}: 
DWSHR_WSHR_2020|, Nystrom-OCSVM(linear), X_train_shape: X_train_shape:(5000-)|(X_val_shape: ), X_test_shape: (600-21), iat_size(auc: 0.6559+/-0.0025,train_time: 0.00000+/-0.00000,test_time: 0.05909+/-0.00007), => aucs:0.6536055555555558-0.6585222222222222-0.6541944444444445-0.6539277777777779-0.659338888888889, train_times:0-0-0-0-0, test_times:0.0592167105874978-0.05901176632614806-0.05909444954013452-0.059116150811314584-0.05903423336567357, n_comp: -, -, space_sizes: |model_spaces: 141.865-141.817-141.769-141.817-141.817,tot_clusters:0, 0,n_clusters: 0, 0, with params: {}: 
DWSHR_WSHR_2020|, KJL-GMM(full), X_train_shape: X_train_shape:(5000-)|(X_val_shape: ), X_test_shape: (600-21), iat_size(auc: 0.4440+/-0.0428,train_time: 0.00000+/-0.00000,test_time: 0.01473+/-0.00004), => aucs:0.4111722222222222-0.4206388888888889-0.4894166666666668-0.5013222222222223-0.3972555555555556, train_times:0-0-0-0-0, test_times:0.014789769146591424-0.014706900296732783-0.014711263065692037-0.014691805327311158-0.014769746095407755, n_comp: -, -, space_sizes: |model_spaces: 21.741-21.741-21.741-21.741-21.741,tot_clusters:0, 0,n_clusters: 0, 0, with params: {}: 
DWSHR_WSHR_2020|, Nystrom-GMM(full), X_train_shape: X_train_shape:(5000-)|(X_val_shape: ), X_test_shape: (600-21), iat_size(auc: 0.4612+/-0.0103,train_time: 0.00000+/-0.00000,test_time: 0.01467+/-0.00004), => aucs:0.4739166666666666-0.46060555555555566-0.4718277777777778-0.45036666666666675-0.4493333333333334, train_times:0-0-0-0-0, test_times:0.014744870783761143-0.014641277922783047-0.014680829842109232-0.014665163331665098-0.014622064458671957, n_comp: -, -, space_sizes: |model_spaces: 21.753-21.753-21.753-21.753-21.753,tot_clusters:0, 0,n_clusters: 0, 0, with params: {}: 
DWSHR_WSHR_2020|, KJL-QS-GMM(full), X_train, X_test, auc, train, test, => aucs:, train_times:, test_times:, n_comp:, , space_sizes: |model_spaces: ,tot_clusters:, ,n_clusters: , , with params: : 
DWSHR_WSHR_2020|, Nystrom-QS-GMM(full), X_train, X_test, auc, train, test, => aucs:, train_times:, test_times:, n_comp:, , space_sizes: |model_spaces: ,tot_clusters:, ,n_clusters: , , with params: : 
DWSHR_WSHR_2020|, KJL-QS-init_GMM(full), X_train_shape: X_train_shape:(5000-)|(X_val_shape: ), X_test_shape: (600-21), iat_size(auc: 0.7051+/-0.0085,train_time: 0.00000+/-0.00000,test_time: 0.01916+/-0.00037), => aucs:0.7045166666666669-0.7076833333333333-0.7084833333333334-0.7151222222222222-0.6895777777777778, train_times:0-0-0-0-0, test_times:0.01946775271790102-0.018883544264826923-0.01959607315948233-0.01923249368555844-0.01860740006668493, n_comp: -, -, space_sizes: |model_spaces: 24.971-24.723-25.219-24.971-24.475,tot_clusters:0, 0,n_clusters: 0, 0, with params: {}: 
DWSHR_WSHR_2020|, Nystrom-QS-init_GMM(full), X_train_shape: X_train_shape:(5000-)|(X_val_shape: ), X_test_shape: (600-21), iat_size(auc: 0.6457+/-0.0179,train_time: 0.00000+/-0.00000,test_time: 0.02098+/-0.00038), => aucs:0.6605555555555556-0.6107111111111112-0.6521388888888888-0.6501777777777777-0.6551555555555557, train_times:0-0-0-0-0, test_times:0.020890242338646205-0.0209540257579647-0.021378928201738746-0.021339845552574843-0.020332115818746388, n_comp: -, -, space_sizes: |model_spaces: 25.975-26.223-26.471-26.471-25.727,tot_clusters:0, 0,n_clusters: 0, 0, with params: {}: 
