0,1,2,3,4,5,6,7,8,9,10,11,12,13,14,15,16,17,18,19,20,21,22,23,24,25,26,27,28,29,30,31,32,33,34,35,36,37,38,39,40,41,42,43,44,45,46,47,48
UNB345_3|speedup/data/src_dst/iat_size-header_False/UNB345_3/Xy-normal-abnormal.dat, OCSVM(rbf), X_train_shape: (5000-47)|(X_val_shape: (600-47)), X_test_shape: (600-47), iat_size(auc: 0.5852+/-0.0034,train_time: 2.29115+/-0.03399,test_time: 0.07945+/-0.00095), => aucs:0.5788777777777779-0.5865333333333334-0.5876777777777777-0.5845666666666668-0.5881055555555557, train_times:2.2802333310246468-2.2458965945988894-2.2718445044010878-2.3149370066821575-2.342846726998687, test_times:0.079166214261204-0.08118015453219414-0.07929687947034836-0.07935297200456262-0.07827367959544063, n_comp: -, -, space_sizes: 120240-120240-120144-120288-120288,tot_clusters:0,0,n_clusters: 0,0, with params: {'model_name': 'OCSVM(rbf)', 'train_size': 5000, 'detector_name': 'OCSVM', 'GMM_covariance_type': None, 'GMM_is_init_all': False, 'is_gs': False, 'before_proj': False, 'after_proj': True, 'is_std': False, 'is_std_mean': False, 'is_kjl': False, 'kjl_d': 5, 'is_nystrom': False, 'is_quickshift': False, 'is_meanshift': False, 'random_state': 42, 'n_repeats': 5, 'verbose': 10, 'overwrite': False, 'n_jobs': 0, 'OCSVM_kernel': 'rbf', 'out_dir': 'speedup/out/kjl_serial_ind_32_threads-cProfile_perf_counter-20times-5', 'OCSVM_q': 0.25, 'OCSVM_nu': 0.5}: ,,,,,,,,
CTU1|speedup/data/src_dst/iat_size-header_False/CTU1/Xy-normal-abnormal.dat, OCSVM(rbf), X_train_shape: (5000-23)|(X_val_shape: (600-23)), X_test_shape: (600-23), iat_size(auc: 0.5896+/-0.0245,train_time: 1.88499+/-0.04323,test_time: 0.07967+/-0.00039), => aucs:0.564188888888889-0.5829777777777778-0.5831111111111114-0.5811888888888889-0.6365333333333332, train_times:1.8654309995472431-1.872056484222412-1.922365641221404-1.9433107860386372-1.821773897856474, test_times:0.07952291397377849-0.07943421769887209-0.07913962407037615-0.08002354446798562-0.08021092312410474, n_comp: -, -, space_sizes: 60120-60096-60096-60096-60096,tot_clusters:0,0,n_clusters: 0,0, with params: {'model_name': 'OCSVM(rbf)', 'train_size': 5000, 'detector_name': 'OCSVM', 'GMM_covariance_type': None, 'GMM_is_init_all': False, 'is_gs': False, 'before_proj': False, 'after_proj': True, 'is_std': False, 'is_std_mean': False, 'is_kjl': False, 'kjl_d': 5, 'is_nystrom': False, 'is_quickshift': False, 'is_meanshift': False, 'random_state': 42, 'n_repeats': 5, 'verbose': 10, 'overwrite': False, 'n_jobs': 0, 'OCSVM_kernel': 'rbf', 'out_dir': 'speedup/out/kjl_serial_ind_32_threads-cProfile_perf_counter-20times-5', 'OCSVM_q': 0.25, 'OCSVM_nu': 0.5}: ,,,,,,,,
MAWI1_2020|speedup/data/src_dst/iat_size-header_False/MAWI1_2020/Xy-normal-abnormal.dat, OCSVM(rbf), X_train_shape: (5000-121)|(X_val_shape: (600-121)), X_test_shape: (600-121), iat_size(auc: 0.9856+/-0.0020,train_time: 3.27046+/-0.02841,test_time: 0.06287+/-0.00412), => aucs:0.9866666666666669-0.9866666666666669-0.9866666666666669-0.9865-0.9815333333333335, train_times:3.261504363268614-3.3155030366033316-3.226911274716258-3.275399275124073-3.272985529154539, test_times:0.06027952451258898-0.060675330273807046-0.061411792505532505-0.06093451455235481-0.07107242476195097, n_comp: -, -, space_sizes: 305732-306098-305732-305854-305854,tot_clusters:0,0,n_clusters: 0,0, with params: {'model_name': 'OCSVM(rbf)', 'train_size': 5000, 'detector_name': 'OCSVM', 'GMM_covariance_type': None, 'GMM_is_init_all': False, 'is_gs': False, 'before_proj': False, 'after_proj': True, 'is_std': False, 'is_std_mean': False, 'is_kjl': False, 'kjl_d': 5, 'is_nystrom': False, 'is_quickshift': False, 'is_meanshift': False, 'random_state': 42, 'n_repeats': 5, 'verbose': 10, 'overwrite': False, 'n_jobs': 0, 'OCSVM_kernel': 'rbf', 'out_dir': 'speedup/out/kjl_serial_ind_32_threads-cProfile_perf_counter-20times-5', 'OCSVM_q': 0.25, 'OCSVM_nu': 0.5}: ,,,,,,,,
MACCDC1|speedup/data/src_dst/iat_size-header_False/MACCDC1/Xy-normal-abnormal.dat, OCSVM(rbf), X_train_shape: (5000-25)|(X_val_shape: (600-25)), X_test_shape: (600-25), iat_size(auc: 0.8089+/-0.0265,train_time: 1.94050+/-0.04565,test_time: 0.07767+/-0.00270), => aucs:0.8018055555555555-0.8070166666666665-0.7643277777777777-0.8311055555555557-0.8400166666666667, train_times:1.931054888293147-1.9150874838232994-2.0108205918222666-1.9680955465883017-1.8774318918585777, test_times:0.07941354792565107-0.07940806793048978-0.07306737489998341-0.080294094607234-0.07615113360807299, n_comp: -, -, space_sizes: 65104-65104-65130-65182-65078,tot_clusters:0,0,n_clusters: 0,0, with params: {'model_name': 'OCSVM(rbf)', 'train_size': 5000, 'detector_name': 'OCSVM', 'GMM_covariance_type': None, 'GMM_is_init_all': False, 'is_gs': False, 'before_proj': False, 'after_proj': True, 'is_std': False, 'is_std_mean': False, 'is_kjl': False, 'kjl_d': 5, 'is_nystrom': False, 'is_quickshift': False, 'is_meanshift': False, 'random_state': 42, 'n_repeats': 5, 'verbose': 10, 'overwrite': False, 'n_jobs': 0, 'OCSVM_kernel': 'rbf', 'out_dir': 'speedup/out/kjl_serial_ind_32_threads-cProfile_perf_counter-20times-5', 'OCSVM_q': 0.25, 'OCSVM_nu': 0.5}: ,,,,,,,,
SFRIG1_2020|speedup/data/src_dst/iat_size-header_False/SFRIG1_2020/Xy-normal-abnormal.dat, OCSVM(rbf), X_train_shape: (5000-23)|(X_val_shape: (600-23)), X_test_shape: (600-23), iat_size(auc: 0.9258+/-0.0017,train_time: 1.95584+/-0.01300,test_time: 0.08272+/-0.00701), => aucs:0.9267-0.9281-0.9261833333333336-0.9232111111111111-0.924561111111111, train_times:1.954380363225937-1.9692545905709267-1.9353160597383976-1.970258105546236-1.949995307251811, test_times:0.08871905962005258-0.07757094129920006-0.08376816436648368-0.07227288577705622-0.09125492926687002, n_comp: -, -, space_sizes: 60096-60072-60096-60072-60048,tot_clusters:0,0,n_clusters: 0,0, with params: {'model_name': 'OCSVM(rbf)', 'train_size': 5000, 'detector_name': 'OCSVM', 'GMM_covariance_type': None, 'GMM_is_init_all': False, 'is_gs': False, 'before_proj': False, 'after_proj': True, 'is_std': False, 'is_std_mean': False, 'is_kjl': False, 'kjl_d': 5, 'is_nystrom': False, 'is_quickshift': False, 'is_meanshift': False, 'random_state': 42, 'n_repeats': 5, 'verbose': 10, 'overwrite': False, 'n_jobs': 0, 'OCSVM_kernel': 'rbf', 'out_dir': 'speedup/out/kjl_serial_ind_32_threads-cProfile_perf_counter-20times-5', 'OCSVM_q': 0.25, 'OCSVM_nu': 0.5}: ,,,,,,,,
AECHO1_2020|speedup/data/src_dst/iat_size-header_False/AECHO1_2020/Xy-normal-abnormal.dat, OCSVM(rbf), X_train_shape: (5000-51)|(X_val_shape: (600-51)), X_test_shape: (600-51), iat_size(auc: 0.8507+/-0.0023,train_time: 2.48072+/-0.03593,test_time: 0.07794+/-0.00127), => aucs:0.85505-0.8497833333333332-0.8481944444444446-0.8503277777777779-0.8502611111111109, train_times:2.489936763420701-2.500607004389167-2.4705985374748707-2.5245801266282797-2.41788818128407, test_times:0.07569729946553708-0.07900756001472473-0.07771212318912149-0.07796546695753932-0.07930701952427625, n_comp: -, -, space_sizes: 130156-130260-130208-130260-130208,tot_clusters:0,0,n_clusters: 0,0, with params: {'model_name': 'OCSVM(rbf)', 'train_size': 5000, 'detector_name': 'OCSVM', 'GMM_covariance_type': None, 'GMM_is_init_all': False, 'is_gs': False, 'before_proj': False, 'after_proj': True, 'is_std': False, 'is_std_mean': False, 'is_kjl': False, 'kjl_d': 5, 'is_nystrom': False, 'is_quickshift': False, 'is_meanshift': False, 'random_state': 42, 'n_repeats': 5, 'verbose': 10, 'overwrite': False, 'n_jobs': 0, 'OCSVM_kernel': 'rbf', 'out_dir': 'speedup/out/kjl_serial_ind_32_threads-cProfile_perf_counter-20times-5', 'OCSVM_q': 0.25, 'OCSVM_nu': 0.5}: ,,,,,,,,
DWSHR_WSHR_2020|speedup/data/src_dst/iat_size-header_False/DWSHR_WSHR_2020/Xy-normal-abnormal.dat, OCSVM(rbf), X_train_shape: (5000-21)|(X_val_shape: (600-21)), X_test_shape: (600-21), iat_size(auc: 0.6758+/-0.0071,train_time: 1.88404+/-0.02175,test_time: 0.06547+/-0.00327), => aucs:0.6819722222222224-0.6647277777777777-0.6813388888888887-0.6810722222222225-0.6699833333333333, train_times:1.8814122471958399-1.8828690648078918-1.921874450519681-1.853863289579749-1.8802007641643286, test_times:0.06708252811804413-0.06476682787761093-0.07047776663675905-0.06448557209223509-0.06054364582523704, n_comp: -, -, space_sizes: 55088-55022-55066-55044-55066,tot_clusters:0,0,n_clusters: 0,0, with params: {'model_name': 'OCSVM(rbf)', 'train_size': 5000, 'detector_name': 'OCSVM', 'GMM_covariance_type': None, 'GMM_is_init_all': False, 'is_gs': False, 'before_proj': False, 'after_proj': True, 'is_std': False, 'is_std_mean': False, 'is_kjl': False, 'kjl_d': 5, 'is_nystrom': False, 'is_quickshift': False, 'is_meanshift': False, 'random_state': 42, 'n_repeats': 5, 'verbose': 10, 'overwrite': False, 'n_jobs': 0, 'OCSVM_kernel': 'rbf', 'out_dir': 'speedup/out/kjl_serial_ind_32_threads-cProfile_perf_counter-20times-5', 'OCSVM_q': 0.25, 'OCSVM_nu': 0.5}: ,,,,,,,,
UNB345_3|speedup/data/src_dst/iat_size-header_False/UNB345_3/Xy-normal-abnormal.dat, KJL-OCSVM(linear), X_train_shape: (5000-47)|(X_val_shape: (600-47)), X_test_shape: (600-47), iat_size(auc: 0.3830+/-0.1971,train_time: 1.16186+/-0.07838,test_time: 0.00875+/-0.00311), => aucs:0.5166222222222224-0.5522833333333332-0.21515555555555554-0.08037222222222226-0.5505222222222221, train_times:1.0672460980713367-1.2564367968589067-1.0699477903544903-1.1991665791720152-1.216487480327487, test_times:0.004947235342115164-0.009994918946176767-0.011282700765877961-0.012365424912422896-0.005183892697095871, n_comp: -, -, space_sizes: 20206-20206-20206-20212-20206,tot_clusters:0,0,n_clusters: 0,0, with params: {'model_name': 'KJL-OCSVM(linear)', 'train_size': 5000, 'detector_name': 'OCSVM', 'GMM_covariance_type': None, 'GMM_is_init_all': False, 'is_gs': False, 'before_proj': False, 'after_proj': True, 'is_std': False, 'is_std_mean': False, 'is_kjl': True, 'kjl_d': 5, 'is_nystrom': False, 'is_quickshift': False, 'is_meanshift': False, 'random_state': 42, 'n_repeats': 5, 'verbose': 10, 'overwrite': False, 'n_jobs': 0, 'OCSVM_kernel': 'linear', 'out_dir': 'speedup/out/kjl_serial_ind_32_threads-cProfile_perf_counter-20times-5', 'kjl_n': 100, 'kjl_q': 0.25, 'OCSVM_nu': 0.5}: ,,,,,,,
CTU1|speedup/data/src_dst/iat_size-header_False/CTU1/Xy-normal-abnormal.dat, KJL-OCSVM(linear), X_train_shape: (5000-23)|(X_val_shape: (600-23)), X_test_shape: (600-23), iat_size(auc: 0.4394+/-0.0643,train_time: 1.25397+/-0.05872,test_time: 0.03301+/-0.01010), => aucs:0.5385277777777778-0.4578444444444445-0.45134444444444444-0.4058777777777777-0.34315555555555555, train_times:1.331685384735465-1.2116851080209017-1.1674494594335556-1.2619314268231392-1.2971044890582561, test_times:0.03597662709653378-0.041145654395222664-0.03616029769182205-0.0386055851355195-0.013161632604897023, n_comp: -, -, space_sizes: 17812-17806-17806-17806-17806,tot_clusters:0,0,n_clusters: 0,0, with params: {'model_name': 'KJL-OCSVM(linear)', 'train_size': 5000, 'detector_name': 'OCSVM', 'GMM_covariance_type': None, 'GMM_is_init_all': False, 'is_gs': False, 'before_proj': False, 'after_proj': True, 'is_std': False, 'is_std_mean': False, 'is_kjl': True, 'kjl_d': 5, 'is_nystrom': False, 'is_quickshift': False, 'is_meanshift': False, 'random_state': 42, 'n_repeats': 5, 'verbose': 10, 'overwrite': False, 'n_jobs': 0, 'OCSVM_kernel': 'linear', 'out_dir': 'speedup/out/kjl_serial_ind_32_threads-cProfile_perf_counter-20times-5', 'kjl_n': 100, 'kjl_q': 0.25, 'OCSVM_nu': 0.5}: ,,,,,,,
MAWI1_2020|speedup/data/src_dst/iat_size-header_False/MAWI1_2020/Xy-normal-abnormal.dat, KJL-OCSVM(linear), X_train_shape: (5000-121)|(X_val_shape: (600-121)), X_test_shape: (600-121), iat_size(auc: 0.8080+/-0.0049,train_time: 1.09190+/-0.05820,test_time: 0.00481+/-0.00033), => aucs:0.8033333333333333-0.8166666666666667-0.8033333333333333-0.8083333333333333-0.8083333333333333, train_times:1.0599388908594847-1.2034633550792933-1.083967911079526-1.0765245966613293-1.0355962384492159, test_times:0.004717310238629579-0.0053933381102979185-0.004537626728415489-0.004482240881770849-0.004916530102491379, n_comp: -, -, space_sizes: 27606-27606-27606-27606-27606,tot_clusters:0,0,n_clusters: 0,0, with params: {'model_name': 'KJL-OCSVM(linear)', 'train_size': 5000, 'detector_name': 'OCSVM', 'GMM_covariance_type': None, 'GMM_is_init_all': False, 'is_gs': False, 'before_proj': False, 'after_proj': True, 'is_std': False, 'is_std_mean': False, 'is_kjl': True, 'kjl_d': 5, 'is_nystrom': False, 'is_quickshift': False, 'is_meanshift': False, 'random_state': 42, 'n_repeats': 5, 'verbose': 10, 'overwrite': False, 'n_jobs': 0, 'OCSVM_kernel': 'linear', 'out_dir': 'speedup/out/kjl_serial_ind_32_threads-cProfile_perf_counter-20times-5', 'kjl_n': 100, 'kjl_q': 0.25, 'OCSVM_nu': 0.5}: ,,,,,,,
MACCDC1|speedup/data/src_dst/iat_size-header_False/MACCDC1/Xy-normal-abnormal.dat, KJL-OCSVM(linear), X_train_shape: (5000-25)|(X_val_shape: (600-25)), X_test_shape: (600-25), iat_size(auc: 0.7544+/-0.0823,train_time: 1.27225+/-0.16238,test_time: 0.00714+/-0.00232), => aucs:0.7727388888888888-0.7534611111111111-0.7799055555555554-0.8593833333333334-0.6065055555555555, train_times:1.523499097675085-1.2773304991424084-1.3451709188520908-1.1752741560339928-1.0399530529975891, test_times:0.005735234823077917-0.004296236857771874-0.007128760684281588-0.007277756929397583-0.011251168791204691, n_comp: -, -, space_sizes: 18006-18024-18012-18018-18018,tot_clusters:0,0,n_clusters: 0,0, with params: {'model_name': 'KJL-OCSVM(linear)', 'train_size': 5000, 'detector_name': 'OCSVM', 'GMM_covariance_type': None, 'GMM_is_init_all': False, 'is_gs': False, 'before_proj': False, 'after_proj': True, 'is_std': False, 'is_std_mean': False, 'is_kjl': True, 'kjl_d': 5, 'is_nystrom': False, 'is_quickshift': False, 'is_meanshift': False, 'random_state': 42, 'n_repeats': 5, 'verbose': 10, 'overwrite': False, 'n_jobs': 0, 'OCSVM_kernel': 'linear', 'out_dir': 'speedup/out/kjl_serial_ind_32_threads-cProfile_perf_counter-20times-5', 'kjl_n': 100, 'kjl_q': 0.25, 'OCSVM_nu': 0.5}: ,,,,,,,
SFRIG1_2020|speedup/data/src_dst/iat_size-header_False/SFRIG1_2020/Xy-normal-abnormal.dat, KJL-OCSVM(linear), X_train_shape: (5000-23)|(X_val_shape: (600-23)), X_test_shape: (600-23), iat_size(auc: 0.7499+/-0.0142,train_time: 1.43403+/-0.10854,test_time: 0.01081+/-0.00357), => aucs:0.7445-0.7383833333333333-0.7424555555555554-0.7777166666666667-0.7463444444444444, train_times:1.539090033620596-1.5598378255963326-1.4365665838122368-1.2683586291968822-1.3662889432162046, test_times:0.01222554612904787-0.010419032908976078-0.016145050060003996-0.010193396545946597-0.005090241599828005, n_comp: -, -, space_sizes: 17806-17812-17812-17806-17806,tot_clusters:0,0,n_clusters: 0,0, with params: {'model_name': 'KJL-OCSVM(linear)', 'train_size': 5000, 'detector_name': 'OCSVM', 'GMM_covariance_type': None, 'GMM_is_init_all': False, 'is_gs': False, 'before_proj': False, 'after_proj': True, 'is_std': False, 'is_std_mean': False, 'is_kjl': True, 'kjl_d': 5, 'is_nystrom': False, 'is_quickshift': False, 'is_meanshift': False, 'random_state': 42, 'n_repeats': 5, 'verbose': 10, 'overwrite': False, 'n_jobs': 0, 'OCSVM_kernel': 'linear', 'out_dir': 'speedup/out/kjl_serial_ind_32_threads-cProfile_perf_counter-20times-5', 'kjl_n': 100, 'kjl_q': 0.25, 'OCSVM_nu': 0.5}: ,,,,,,,
AECHO1_2020|speedup/data/src_dst/iat_size-header_False/AECHO1_2020/Xy-normal-abnormal.dat, KJL-OCSVM(linear), X_train_shape: (5000-51)|(X_val_shape: (600-51)), X_test_shape: (600-51), iat_size(auc: 0.6838+/-0.0237,train_time: 1.16345+/-0.02617,test_time: 0.00748+/-0.00315), => aucs:0.6996722222222223-0.7040055555555556-0.6387222222222222-0.6940555555555556-0.6825166666666667, train_times:1.174896078184247-1.187467673793435-1.1208396758884192-1.187944583594799-1.1461017932742834, test_times:0.012246527429670095-0.004713909514248371-0.010266957338899374-0.005168334767222405-0.005011013150215149, n_comp: -, -, space_sizes: 20606-20606-20606-20606-20606,tot_clusters:0,0,n_clusters: 0,0, with params: {'model_name': 'KJL-OCSVM(linear)', 'train_size': 5000, 'detector_name': 'OCSVM', 'GMM_covariance_type': None, 'GMM_is_init_all': False, 'is_gs': False, 'before_proj': False, 'after_proj': True, 'is_std': False, 'is_std_mean': False, 'is_kjl': True, 'kjl_d': 5, 'is_nystrom': False, 'is_quickshift': False, 'is_meanshift': False, 'random_state': 42, 'n_repeats': 5, 'verbose': 10, 'overwrite': False, 'n_jobs': 0, 'OCSVM_kernel': 'linear', 'out_dir': 'speedup/out/kjl_serial_ind_32_threads-cProfile_perf_counter-20times-5', 'kjl_n': 100, 'kjl_q': 0.25, 'OCSVM_nu': 0.5}: ,,,,,,,
DWSHR_WSHR_2020|speedup/data/src_dst/iat_size-header_False/DWSHR_WSHR_2020/Xy-normal-abnormal.dat, KJL-OCSVM(linear), X_train_shape: (5000-21)|(X_val_shape: (600-21)), X_test_shape: (600-21), iat_size(auc: 0.5940+/-0.0281,train_time: 1.31022+/-0.03758,test_time: 0.00662+/-0.00163), => aucs:0.6346944444444447-0.6022055555555554-0.547238888888889-0.5980444444444444-0.5880222222222221, train_times:1.3649201784282923-1.3248628862202168-1.308922354131937-1.2484696563333273-1.3039124757051468, test_times:0.00425444208085537-0.008413879852741956-0.007508979644626379-0.007788227871060371-0.005118566658347845, n_comp: -, -, space_sizes: 17606-17612-17606-17618-17612,tot_clusters:0,0,n_clusters: 0,0, with params: {'model_name': 'KJL-OCSVM(linear)', 'train_size': 5000, 'detector_name': 'OCSVM', 'GMM_covariance_type': None, 'GMM_is_init_all': False, 'is_gs': False, 'before_proj': False, 'after_proj': True, 'is_std': False, 'is_std_mean': False, 'is_kjl': True, 'kjl_d': 5, 'is_nystrom': False, 'is_quickshift': False, 'is_meanshift': False, 'random_state': 42, 'n_repeats': 5, 'verbose': 10, 'overwrite': False, 'n_jobs': 0, 'OCSVM_kernel': 'linear', 'out_dir': 'speedup/out/kjl_serial_ind_32_threads-cProfile_perf_counter-20times-5', 'kjl_n': 100, 'kjl_q': 0.25, 'OCSVM_nu': 0.5}: ,,,,,,,
UNB345_3|speedup/data/src_dst/iat_size-header_False/UNB345_3/Xy-normal-abnormal.dat, Nystrom-OCSVM(linear), X_train_shape: (5000-47)|(X_val_shape: (600-47)), X_test_shape: (600-47), iat_size(auc: 0.3702+/-0.1704,train_time: 1.11594+/-0.04587,test_time: 0.00602+/-0.00148), => aucs:0.1960666666666667-0.5769444444444445-0.17214999999999991-0.3549222222222222-0.5507944444444443, train_times:1.0798834301531315-1.0694712847471237-1.1814949437975883-1.088225046172738-1.1606140341609716, test_times:0.007930392306298018-0.007702130544930697-0.005071037448942661-0.004765194840729237-0.004626341070979834, n_comp: -, -, space_sizes: 20206-20206-20206-20206-20206,tot_clusters:0,0,n_clusters: 0,0, with params: {'model_name': 'Nystrom-OCSVM(linear)', 'train_size': 5000, 'detector_name': 'OCSVM', 'GMM_covariance_type': None, 'GMM_is_init_all': False, 'is_gs': False, 'before_proj': False, 'after_proj': True, 'is_std': False, 'is_std_mean': False, 'is_kjl': False, 'kjl_d': 5, 'is_nystrom': True, 'is_quickshift': False, 'is_meanshift': False, 'random_state': 42, 'n_repeats': 5, 'verbose': 10, 'overwrite': False, 'n_jobs': 0, 'OCSVM_kernel': 'linear', 'out_dir': 'speedup/out/kjl_serial_ind_32_threads-cProfile_perf_counter-20times-5', 'nystrom_n': 100, 'nystrom_d': 5, 'nystrom_q': 0.25, 'OCSVM_nu': 0.5}: ,,,,,,
CTU1|speedup/data/src_dst/iat_size-header_False/CTU1/Xy-normal-abnormal.dat, Nystrom-OCSVM(linear), X_train_shape: (5000-23)|(X_val_shape: (600-23)), X_test_shape: (600-23), iat_size(auc: 0.4438+/-0.0916,train_time: 1.10294+/-0.02267,test_time: 0.00475+/-0.00031), => aucs:0.47204444444444443-0.39222777777777773-0.6082944444444445-0.3460388888888889-0.4002777777777776, train_times:1.0922071244567633-1.1032631881535053-1.0768694039434195-1.144723579287529-1.0976261738687754, test_times:0.004299415368586778-0.004565685894340277-0.004999389871954918-0.004717037547379732-0.005171155370771885, n_comp: -, -, space_sizes: 17824-17812-17812-17812-17818,tot_clusters:0,0,n_clusters: 0,0, with params: {'model_name': 'Nystrom-OCSVM(linear)', 'train_size': 5000, 'detector_name': 'OCSVM', 'GMM_covariance_type': None, 'GMM_is_init_all': False, 'is_gs': False, 'before_proj': False, 'after_proj': True, 'is_std': False, 'is_std_mean': False, 'is_kjl': False, 'kjl_d': 5, 'is_nystrom': True, 'is_quickshift': False, 'is_meanshift': False, 'random_state': 42, 'n_repeats': 5, 'verbose': 10, 'overwrite': False, 'n_jobs': 0, 'OCSVM_kernel': 'linear', 'out_dir': 'speedup/out/kjl_serial_ind_32_threads-cProfile_perf_counter-20times-5', 'nystrom_n': 100, 'nystrom_d': 5, 'nystrom_q': 0.25, 'OCSVM_nu': 0.5}: ,,,,,,
MAWI1_2020|speedup/data/src_dst/iat_size-header_False/MAWI1_2020/Xy-normal-abnormal.dat, Nystrom-OCSVM(linear), X_train_shape: (5000-121)|(X_val_shape: (600-121)), X_test_shape: (600-121), iat_size(auc: 0.8453+/-0.0024,train_time: 1.10795+/-0.04775,test_time: 0.00529+/-0.00108), => aucs:0.8483333333333333-0.8433333333333334-0.8416666666666666-0.8466666666666669-0.8466666666666669, train_times:1.070184014737606-1.1450843568891287-1.1097300052642822-1.1729262173175812-1.0418488811701536, test_times:0.004495835676789284-0.004339312482625246-0.004645427502691746-0.0072144405916333195-0.005732377618551254, n_comp: -, -, space_sizes: 27606-27606-27606-27600-27606,tot_clusters:0,0,n_clusters: 0,0, with params: {'model_name': 'Nystrom-OCSVM(linear)', 'train_size': 5000, 'detector_name': 'OCSVM', 'GMM_covariance_type': None, 'GMM_is_init_all': False, 'is_gs': False, 'before_proj': False, 'after_proj': True, 'is_std': False, 'is_std_mean': False, 'is_kjl': False, 'kjl_d': 5, 'is_nystrom': True, 'is_quickshift': False, 'is_meanshift': False, 'random_state': 42, 'n_repeats': 5, 'verbose': 10, 'overwrite': False, 'n_jobs': 0, 'OCSVM_kernel': 'linear', 'out_dir': 'speedup/out/kjl_serial_ind_32_threads-cProfile_perf_counter-20times-5', 'nystrom_n': 100, 'nystrom_d': 5, 'nystrom_q': 0.25, 'OCSVM_nu': 0.5}: ,,,,,,
MACCDC1|speedup/data/src_dst/iat_size-header_False/MACCDC1/Xy-normal-abnormal.dat, Nystrom-OCSVM(linear), X_train_shape: (5000-25)|(X_val_shape: (600-25)), X_test_shape: (600-25), iat_size(auc: 0.8383+/-0.0353,train_time: 1.16909+/-0.02801,test_time: 0.00548+/-0.00087), => aucs:0.8659722222222224-0.8140055555555555-0.8770055555555556-0.8522722222222223-0.7820277777777778, train_times:1.1774275694042444-1.1791523601859808-1.1742956805974245-1.1988072898238897-1.1157706025987864, test_times:0.007112993113696575-0.004829406272619963-0.00493869548663497-0.0056162127293646336-0.00487887179479003, n_comp: -, -, space_sizes: 18006-18012-18012-18012-18012,tot_clusters:0,0,n_clusters: 0,0, with params: {'model_name': 'Nystrom-OCSVM(linear)', 'train_size': 5000, 'detector_name': 'OCSVM', 'GMM_covariance_type': None, 'GMM_is_init_all': False, 'is_gs': False, 'before_proj': False, 'after_proj': True, 'is_std': False, 'is_std_mean': False, 'is_kjl': False, 'kjl_d': 5, 'is_nystrom': True, 'is_quickshift': False, 'is_meanshift': False, 'random_state': 42, 'n_repeats': 5, 'verbose': 10, 'overwrite': False, 'n_jobs': 0, 'OCSVM_kernel': 'linear', 'out_dir': 'speedup/out/kjl_serial_ind_32_threads-cProfile_perf_counter-20times-5', 'nystrom_n': 100, 'nystrom_d': 5, 'nystrom_q': 0.25, 'OCSVM_nu': 0.5}: ,,,,,,
SFRIG1_2020|speedup/data/src_dst/iat_size-header_False/SFRIG1_2020/Xy-normal-abnormal.dat, Nystrom-OCSVM(linear), X_train_shape: (5000-23)|(X_val_shape: (600-23)), X_test_shape: (600-23), iat_size(auc: 0.9146+/-0.0025,train_time: 1.12511+/-0.04833,test_time: 0.00697+/-0.00210), => aucs:0.9183555555555557-0.9129444444444446-0.9108888888888889-0.9153111111111112-0.9156222222222222, train_times:1.183062694966793-1.0400346461683512-1.1479260567575693-1.1438743863254786-1.1106617469340563, test_times:0.010438019689172507-0.008329167310148478-0.005528619512915611-0.005736739095300436-0.0048075740225613115, n_comp: -, -, space_sizes: 17812-17824-17812-17812-17812,tot_clusters:0,0,n_clusters: 0,0, with params: {'model_name': 'Nystrom-OCSVM(linear)', 'train_size': 5000, 'detector_name': 'OCSVM', 'GMM_covariance_type': None, 'GMM_is_init_all': False, 'is_gs': False, 'before_proj': False, 'after_proj': True, 'is_std': False, 'is_std_mean': False, 'is_kjl': False, 'kjl_d': 5, 'is_nystrom': True, 'is_quickshift': False, 'is_meanshift': False, 'random_state': 42, 'n_repeats': 5, 'verbose': 10, 'overwrite': False, 'n_jobs': 0, 'OCSVM_kernel': 'linear', 'out_dir': 'speedup/out/kjl_serial_ind_32_threads-cProfile_perf_counter-20times-5', 'nystrom_n': 100, 'nystrom_d': 5, 'nystrom_q': 0.25, 'OCSVM_nu': 0.5}: ,,,,,,
AECHO1_2020|speedup/data/src_dst/iat_size-header_False/AECHO1_2020/Xy-normal-abnormal.dat, Nystrom-OCSVM(linear), X_train_shape: (5000-51)|(X_val_shape: (600-51)), X_test_shape: (600-51), iat_size(auc: 0.7643+/-0.0145,train_time: 1.20645+/-0.01955,test_time: 0.00605+/-0.00123), => aucs:0.7479555555555557-0.7681777777777778-0.7488444444444443-0.7865944444444446-0.7700722222222222, train_times:1.1797431260347366-1.1885303035378456-1.2114518284797668-1.220481125637889-1.2320326920598745, test_times:0.005335842166095972-0.005807754956185818-0.00837561609223485-0.004772628378123045-0.005954848881810903, n_comp: -, -, space_sizes: 20612-20612-20612-20612-20606,tot_clusters:0,0,n_clusters: 0,0, with params: {'model_name': 'Nystrom-OCSVM(linear)', 'train_size': 5000, 'detector_name': 'OCSVM', 'GMM_covariance_type': None, 'GMM_is_init_all': False, 'is_gs': False, 'before_proj': False, 'after_proj': True, 'is_std': False, 'is_std_mean': False, 'is_kjl': False, 'kjl_d': 5, 'is_nystrom': True, 'is_quickshift': False, 'is_meanshift': False, 'random_state': 42, 'n_repeats': 5, 'verbose': 10, 'overwrite': False, 'n_jobs': 0, 'OCSVM_kernel': 'linear', 'out_dir': 'speedup/out/kjl_serial_ind_32_threads-cProfile_perf_counter-20times-5', 'nystrom_n': 100, 'nystrom_d': 5, 'nystrom_q': 0.25, 'OCSVM_nu': 0.5}: ,,,,,,
DWSHR_WSHR_2020|speedup/data/src_dst/iat_size-header_False/DWSHR_WSHR_2020/Xy-normal-abnormal.dat, Nystrom-OCSVM(linear), X_train_shape: (5000-21)|(X_val_shape: (600-21)), X_test_shape: (600-21), iat_size(auc: 0.6559+/-0.0025,train_time: 1.16145+/-0.03687,test_time: 0.00714+/-0.00309), => aucs:0.6536055555555557-0.6585222222222222-0.6541944444444445-0.6539277777777779-0.659338888888889, train_times:1.1721067689359188-1.1034149751067162-1.1496196873486042-1.1643856968730688-1.2177247144281864, test_times:0.0041755478829145435-0.005347917228937149-0.011919088754802942-0.009663219098001719-0.004586794786155224, n_comp: -, -, space_sizes: 17624-17618-17612-17618-17618,tot_clusters:0,0,n_clusters: 0,0, with params: {'model_name': 'Nystrom-OCSVM(linear)', 'train_size': 5000, 'detector_name': 'OCSVM', 'GMM_covariance_type': None, 'GMM_is_init_all': False, 'is_gs': False, 'before_proj': False, 'after_proj': True, 'is_std': False, 'is_std_mean': False, 'is_kjl': False, 'kjl_d': 5, 'is_nystrom': True, 'is_quickshift': False, 'is_meanshift': False, 'random_state': 42, 'n_repeats': 5, 'verbose': 10, 'overwrite': False, 'n_jobs': 0, 'OCSVM_kernel': 'linear', 'out_dir': 'speedup/out/kjl_serial_ind_32_threads-cProfile_perf_counter-20times-5', 'nystrom_n': 100, 'nystrom_d': 5, 'nystrom_q': 0.25, 'OCSVM_nu': 0.5}: ,,,,,,
UNB345_3|speedup/data/src_dst/iat_size-header_False/UNB345_3/Xy-normal-abnormal.dat, KJL-GMM(diag), X_train_shape: (5000-47)|(X_val_shape: (600-47)), X_test_shape: (600-47), iat_size(auc: 0.0550+/-0.0589,train_time: 0.74027+/-0.02325,test_time: 0.00455+/-0.00002), => aucs:0.01944444444444447-0.17162777777777777-0.04132777777777782-0.0215611111111111-0.020855555555555554, train_times:0.7490474116057158-0.6969123519957066-0.752908231690526-0.7381346579641104-0.7643634639680386, test_times:0.004560366831719875-0.004541543126106262-0.004505054000765086-0.00456943353638053-0.004563121870160103, n_comp: 1.00+/-0.00, 1-1-1-1-1, space_sizes: 5210-5210-5210-5210-5210,tot_clusters:0,0,n_clusters: 0,0, with params: {'model_name': 'KJL-GMM(diag)', 'train_size': 5000, 'detector_name': 'GMM', 'GMM_covariance_type': 'diag', 'GMM_is_init_all': False, 'is_gs': False, 'before_proj': False, 'after_proj': True, 'is_std': False, 'is_std_mean': False, 'is_kjl': True, 'kjl_d': 5, 'is_nystrom': False, 'is_quickshift': False, 'is_meanshift': False, 'random_state': 42, 'n_repeats': 5, 'verbose': 10, 'overwrite': False, 'n_jobs': 0, 'out_dir': 'speedup/out/kjl_serial_ind_32_threads-cProfile_perf_counter-20times-5', 'kjl_n': 100, 'kjl_q': 0.25, 'GMM_n_components': 1}: ,,,,,,,,
CTU1|speedup/data/src_dst/iat_size-header_False/CTU1/Xy-normal-abnormal.dat, KJL-GMM(diag), X_train_shape: (5000-23)|(X_val_shape: (600-23)), X_test_shape: (600-23), iat_size(auc: 0.2880+/-0.1522,train_time: 0.77808+/-0.03832,test_time: 0.00464+/-0.00012), => aucs:0.29842777777777774-0.13091111111111114-0.35607222222222223-0.5313999999999999-0.12317777777777779, train_times:0.7606428228318691-0.7845265511423349-0.7938558980822563-0.8337356392294168-0.7176566775888205, test_times:0.004433845821768046-0.004730387777090073-0.0046203556470572945-0.0047810452058911325-0.004613285604864359, n_comp: 1.00+/-0.00, 1-1-1-1-1, space_sizes: 2810-2810-2810-2810-2810,tot_clusters:0,0,n_clusters: 0,0, with params: {'model_name': 'KJL-GMM(diag)', 'train_size': 5000, 'detector_name': 'GMM', 'GMM_covariance_type': 'diag', 'GMM_is_init_all': False, 'is_gs': False, 'before_proj': False, 'after_proj': True, 'is_std': False, 'is_std_mean': False, 'is_kjl': True, 'kjl_d': 5, 'is_nystrom': False, 'is_quickshift': False, 'is_meanshift': False, 'random_state': 42, 'n_repeats': 5, 'verbose': 10, 'overwrite': False, 'n_jobs': 0, 'out_dir': 'speedup/out/kjl_serial_ind_32_threads-cProfile_perf_counter-20times-5', 'kjl_n': 100, 'kjl_q': 0.25, 'GMM_n_components': 1}: ,,,,,,,,
MAWI1_2020|speedup/data/src_dst/iat_size-header_False/MAWI1_2020/Xy-normal-abnormal.dat, KJL-GMM(diag), X_train_shape: (5000-121)|(X_val_shape: (600-121)), X_test_shape: (600-121), iat_size(auc: 0.4020+/-0.0709,train_time: 0.71977+/-0.04617,test_time: 0.00422+/-0.00019), => aucs:0.4366666666666667-0.3233333333333333-0.5233333333333333-0.36500000000000005-0.3616666666666666, train_times:0.7286479286849499-0.7536101583391428-0.6320565566420555-0.7232111413031816-0.7613310553133488, test_times:0.004276985861361026-0.004301182832568884-0.0038411986082792283-0.004359915852546692-0.004343272000551224, n_comp: 1.00+/-0.00, 1-1-1-1-1, space_sizes: 12610-12610-12610-12610-12610,tot_clusters:0,0,n_clusters: 0,0, with params: {'model_name': 'KJL-GMM(diag)', 'train_size': 5000, 'detector_name': 'GMM', 'GMM_covariance_type': 'diag', 'GMM_is_init_all': False, 'is_gs': False, 'before_proj': False, 'after_proj': True, 'is_std': False, 'is_std_mean': False, 'is_kjl': True, 'kjl_d': 5, 'is_nystrom': False, 'is_quickshift': False, 'is_meanshift': False, 'random_state': 42, 'n_repeats': 5, 'verbose': 10, 'overwrite': False, 'n_jobs': 0, 'out_dir': 'speedup/out/kjl_serial_ind_32_threads-cProfile_perf_counter-20times-5', 'kjl_n': 100, 'kjl_q': 0.25, 'GMM_n_components': 1}: ,,,,,,,,
MACCDC1|speedup/data/src_dst/iat_size-header_False/MACCDC1/Xy-normal-abnormal.dat, KJL-GMM(diag), X_train_shape: (5000-25)|(X_val_shape: (600-25)), X_test_shape: (600-25), iat_size(auc: 0.3356+/-0.1890,train_time: 0.79365+/-0.03121,test_time: 0.00439+/-0.00026), => aucs:0.10046111111111108-0.5919722222222223-0.1349166666666667-0.3997722222222223-0.45080555555555557, train_times:0.772491067647934-0.8350302539765835-0.8036083206534386-0.8113885093480349-0.7457340583205223, test_times:0.004433068353682757-0.0044583060778677465-0.0038897904567420484-0.004583443887531758-0.0045676882378757, n_comp: 1.00+/-0.00, 1-1-1-1-1, space_sizes: 3010-3010-3010-3010-3010,tot_clusters:0,0,n_clusters: 0,0, with params: {'model_name': 'KJL-GMM(diag)', 'train_size': 5000, 'detector_name': 'GMM', 'GMM_covariance_type': 'diag', 'GMM_is_init_all': False, 'is_gs': False, 'before_proj': False, 'after_proj': True, 'is_std': False, 'is_std_mean': False, 'is_kjl': True, 'kjl_d': 5, 'is_nystrom': False, 'is_quickshift': False, 'is_meanshift': False, 'random_state': 42, 'n_repeats': 5, 'verbose': 10, 'overwrite': False, 'n_jobs': 0, 'out_dir': 'speedup/out/kjl_serial_ind_32_threads-cProfile_perf_counter-20times-5', 'kjl_n': 100, 'kjl_q': 0.25, 'GMM_n_components': 1}: ,,,,,,,,
SFRIG1_2020|speedup/data/src_dst/iat_size-header_False/SFRIG1_2020/Xy-normal-abnormal.dat, KJL-GMM(diag), X_train_shape: (5000-23)|(X_val_shape: (600-23)), X_test_shape: (600-23), iat_size(auc: 0.1698+/-0.0162,train_time: 0.76373+/-0.02775,test_time: 0.00480+/-0.00044), => aucs:0.14818888888888887-0.15731666666666666-0.1804666666666667-0.1937555555555556-0.16942222222222222, train_times:0.7765453457832336-0.7471806537359953-0.7648756578564644-0.7237443905323744-0.8062988184392452, test_times:0.005220163706690073-0.003967140056192875-0.005055076722055673-0.004863246902823448-0.004885956924408674, n_comp: 1.00+/-0.00, 1-1-1-1-1, space_sizes: 2810-2810-2810-2810-2810,tot_clusters:0,0,n_clusters: 0,0, with params: {'model_name': 'KJL-GMM(diag)', 'train_size': 5000, 'detector_name': 'GMM', 'GMM_covariance_type': 'diag', 'GMM_is_init_all': False, 'is_gs': False, 'before_proj': False, 'after_proj': True, 'is_std': False, 'is_std_mean': False, 'is_kjl': True, 'kjl_d': 5, 'is_nystrom': False, 'is_quickshift': False, 'is_meanshift': False, 'random_state': 42, 'n_repeats': 5, 'verbose': 10, 'overwrite': False, 'n_jobs': 0, 'out_dir': 'speedup/out/kjl_serial_ind_32_threads-cProfile_perf_counter-20times-5', 'kjl_n': 100, 'kjl_q': 0.25, 'GMM_n_components': 1}: ,,,,,,,,
AECHO1_2020|speedup/data/src_dst/iat_size-header_False/AECHO1_2020/Xy-normal-abnormal.dat, KJL-GMM(diag), X_train_shape: (5000-51)|(X_val_shape: (600-51)), X_test_shape: (600-51), iat_size(auc: 0.1469+/-0.0670,train_time: 0.76373+/-0.04920,test_time: 0.00426+/-0.00043), => aucs:0.20220555555555553-0.0960055555555556-0.1885722222222222-0.040127777777777776-0.20734999999999998, train_times:0.7732023578137159-0.8118015564978123-0.7363677248358727-0.6834643986076117-0.8138371184468269, test_times:0.004625382833182812-0.004175412654876709-0.0036039840430021285-0.0048159297555685045-0.004069173708558083, n_comp: 1.00+/-0.00, 1-1-1-1-1, space_sizes: 5610-5610-5610-5610-5610,tot_clusters:0,0,n_clusters: 0,0, with params: {'model_name': 'KJL-GMM(diag)', 'train_size': 5000, 'detector_name': 'GMM', 'GMM_covariance_type': 'diag', 'GMM_is_init_all': False, 'is_gs': False, 'before_proj': False, 'after_proj': True, 'is_std': False, 'is_std_mean': False, 'is_kjl': True, 'kjl_d': 5, 'is_nystrom': False, 'is_quickshift': False, 'is_meanshift': False, 'random_state': 42, 'n_repeats': 5, 'verbose': 10, 'overwrite': False, 'n_jobs': 0, 'out_dir': 'speedup/out/kjl_serial_ind_32_threads-cProfile_perf_counter-20times-5', 'kjl_n': 100, 'kjl_q': 0.25, 'GMM_n_components': 1}: ,,,,,,,,
DWSHR_WSHR_2020|speedup/data/src_dst/iat_size-header_False/DWSHR_WSHR_2020/Xy-normal-abnormal.dat, KJL-GMM(diag), X_train_shape: (5000-21)|(X_val_shape: (600-21)), X_test_shape: (600-21), iat_size(auc: 0.3329+/-0.0242,train_time: 0.78661+/-0.01897,test_time: 0.00412+/-0.00038), => aucs:0.36527222222222216-0.3511944444444445-0.33752777777777776-0.30361111111111116-0.3069111111111111, train_times:0.8166732247918844-0.7736736312508583-0.7731515448540449-0.7683431673794985-0.8012121915817261, test_times:0.0038487530313432218-0.003582493681460619-0.004091499466449022-0.004527558200061321-0.004568779002875089, n_comp: 1.00+/-0.00, 1-1-1-1-1, space_sizes: 2610-2610-2610-2610-2610,tot_clusters:0,0,n_clusters: 0,0, with params: {'model_name': 'KJL-GMM(diag)', 'train_size': 5000, 'detector_name': 'GMM', 'GMM_covariance_type': 'diag', 'GMM_is_init_all': False, 'is_gs': False, 'before_proj': False, 'after_proj': True, 'is_std': False, 'is_std_mean': False, 'is_kjl': True, 'kjl_d': 5, 'is_nystrom': False, 'is_quickshift': False, 'is_meanshift': False, 'random_state': 42, 'n_repeats': 5, 'verbose': 10, 'overwrite': False, 'n_jobs': 0, 'out_dir': 'speedup/out/kjl_serial_ind_32_threads-cProfile_perf_counter-20times-5', 'kjl_n': 100, 'kjl_q': 0.25, 'GMM_n_components': 1}: ,,,,,,,,
UNB345_3|speedup/data/src_dst/iat_size-header_False/UNB345_3/Xy-normal-abnormal.dat, Nystrom-GMM(diag), X_train_shape: (5000-47)|(X_val_shape: (600-47)), X_test_shape: (600-47), iat_size(auc: 0.7541+/-0.1237,train_time: 0.70732+/-0.02525,test_time: 0.00416+/-0.00054), => aucs:0.590611111111111-0.6161555555555557-0.8721166666666667-0.8459444444444445-0.8457444444444444, train_times:0.698946176096797-0.6764070112258196-0.7495225295424461-0.7195785641670227-0.6921293903142214, test_times:0.004574304446578026-0.004509685188531875-0.004580986313521862-0.003209277614951134-0.003901493363082409, n_comp: 1.00+/-0.00, 1-1-1-1-1, space_sizes: 5210-5210-5210-5210-5210,tot_clusters:0,0,n_clusters: 0,0, with params: {'model_name': 'Nystrom-GMM(diag)', 'train_size': 5000, 'detector_name': 'GMM', 'GMM_covariance_type': 'diag', 'GMM_is_init_all': False, 'is_gs': False, 'before_proj': False, 'after_proj': True, 'is_std': False, 'is_std_mean': False, 'is_kjl': False, 'kjl_d': 5, 'is_nystrom': True, 'is_quickshift': False, 'is_meanshift': False, 'random_state': 42, 'n_repeats': 5, 'verbose': 10, 'overwrite': False, 'n_jobs': 0, 'out_dir': 'speedup/out/kjl_serial_ind_32_threads-cProfile_perf_counter-20times-5', 'nystrom_n': 100, 'nystrom_d': 5, 'nystrom_q': 0.25, 'GMM_n_components': 1}: ,,,,,,,
CTU1|speedup/data/src_dst/iat_size-header_False/CTU1/Xy-normal-abnormal.dat, Nystrom-GMM(diag), X_train_shape: (5000-23)|(X_val_shape: (600-23)), X_test_shape: (600-23), iat_size(auc: 0.3597+/-0.0385,train_time: 0.77852+/-0.02557,test_time: 0.00441+/-0.00046), => aucs:0.37290555555555555-0.30954999999999994-0.3221166666666668-0.4132666666666667-0.3806111111111112, train_times:0.760501928627491-0.7969254795461893-0.7853183224797249-0.7393305841833353-0.8105229698121548, test_times:0.004638898745179176-0.004610426723957062-0.004560243897140026-0.0034856246784329414-0.00473795086145401, n_comp: 1.00+/-0.00, 1-1-1-1-1, space_sizes: 2810-2810-2810-2810-2810,tot_clusters:0,0,n_clusters: 0,0, with params: {'model_name': 'Nystrom-GMM(diag)', 'train_size': 5000, 'detector_name': 'GMM', 'GMM_covariance_type': 'diag', 'GMM_is_init_all': False, 'is_gs': False, 'before_proj': False, 'after_proj': True, 'is_std': False, 'is_std_mean': False, 'is_kjl': False, 'kjl_d': 5, 'is_nystrom': True, 'is_quickshift': False, 'is_meanshift': False, 'random_state': 42, 'n_repeats': 5, 'verbose': 10, 'overwrite': False, 'n_jobs': 0, 'out_dir': 'speedup/out/kjl_serial_ind_32_threads-cProfile_perf_counter-20times-5', 'nystrom_n': 100, 'nystrom_d': 5, 'nystrom_q': 0.25, 'GMM_n_components': 1}: ,,,,,,,
MAWI1_2020|speedup/data/src_dst/iat_size-header_False/MAWI1_2020/Xy-normal-abnormal.dat, Nystrom-GMM(diag), X_train_shape: (5000-121)|(X_val_shape: (600-121)), X_test_shape: (600-121), iat_size(auc: 0.3143+/-0.0497,train_time: 0.73334+/-0.04256,test_time: 0.00423+/-0.00032), => aucs:0.32833333333333325-0.2533333333333333-0.25999999999999995-0.37833333333333324-0.3516666666666667, train_times:0.7918103113770485-0.7165998741984367-0.6667000856250525-0.7632239069789648-0.7283444814383984, test_times:0.0036053840070962907-0.004537299089133739-0.004322885628789663-0.00434239050373435-0.004348632600158453, n_comp: 1.00+/-0.00, 1-1-1-1-1, space_sizes: 12610-12610-12610-12610-12610,tot_clusters:0,0,n_clusters: 0,0, with params: {'model_name': 'Nystrom-GMM(diag)', 'train_size': 5000, 'detector_name': 'GMM', 'GMM_covariance_type': 'diag', 'GMM_is_init_all': False, 'is_gs': False, 'before_proj': False, 'after_proj': True, 'is_std': False, 'is_std_mean': False, 'is_kjl': False, 'kjl_d': 5, 'is_nystrom': True, 'is_quickshift': False, 'is_meanshift': False, 'random_state': 42, 'n_repeats': 5, 'verbose': 10, 'overwrite': False, 'n_jobs': 0, 'out_dir': 'speedup/out/kjl_serial_ind_32_threads-cProfile_perf_counter-20times-5', 'nystrom_n': 100, 'nystrom_d': 5, 'nystrom_q': 0.25, 'GMM_n_components': 1}: ,,,,,,,
MACCDC1|speedup/data/src_dst/iat_size-header_False/MACCDC1/Xy-normal-abnormal.dat, Nystrom-GMM(diag), X_train_shape: (5000-25)|(X_val_shape: (600-25)), X_test_shape: (600-25), iat_size(auc: 0.4982+/-0.1834,train_time: 0.75176+/-0.02497,test_time: 0.00425+/-0.00040), => aucs:0.32773888888888886-0.6523722222222224-0.22647222222222224-0.63655-0.6479944444444444, train_times:0.7566587589681149-0.7962772361934185-0.7486078701913357-0.7325447127223015-0.7247166037559509, test_times:0.004540557600557804-0.004552884679287672-0.0035119357518851755-0.0045112494379282-0.004125100001692772, n_comp: 1.00+/-0.00, 1-1-1-1-1, space_sizes: 3010-3010-3010-3010-3010,tot_clusters:0,0,n_clusters: 0,0, with params: {'model_name': 'Nystrom-GMM(diag)', 'train_size': 5000, 'detector_name': 'GMM', 'GMM_covariance_type': 'diag', 'GMM_is_init_all': False, 'is_gs': False, 'before_proj': False, 'after_proj': True, 'is_std': False, 'is_std_mean': False, 'is_kjl': False, 'kjl_d': 5, 'is_nystrom': True, 'is_quickshift': False, 'is_meanshift': False, 'random_state': 42, 'n_repeats': 5, 'verbose': 10, 'overwrite': False, 'n_jobs': 0, 'out_dir': 'speedup/out/kjl_serial_ind_32_threads-cProfile_perf_counter-20times-5', 'nystrom_n': 100, 'nystrom_d': 5, 'nystrom_q': 0.25, 'GMM_n_components': 1}: ,,,,,,,
SFRIG1_2020|speedup/data/src_dst/iat_size-header_False/SFRIG1_2020/Xy-normal-abnormal.dat, Nystrom-GMM(diag), X_train_shape: (5000-23)|(X_val_shape: (600-23)), X_test_shape: (600-23), iat_size(auc: 0.2297+/-0.0034,train_time: 0.79248+/-0.02820,test_time: 0.00501+/-0.00015), => aucs:0.22328888888888893-0.23195555555555553-0.2289333333333333-0.23254444444444444-0.23161111111111116, train_times:0.7698140721768141-0.748842028900981-0.8220820929855108-0.8129750322550535-0.8086876049637794, test_times:0.00486131738871336-0.004856781288981438-0.005153306853026151-0.0049431976862251755-0.00521267531439662, n_comp: 1.00+/-0.00, 1-1-1-1-1, space_sizes: 2810-2810-2810-2810-2810,tot_clusters:0,0,n_clusters: 0,0, with params: {'model_name': 'Nystrom-GMM(diag)', 'train_size': 5000, 'detector_name': 'GMM', 'GMM_covariance_type': 'diag', 'GMM_is_init_all': False, 'is_gs': False, 'before_proj': False, 'after_proj': True, 'is_std': False, 'is_std_mean': False, 'is_kjl': False, 'kjl_d': 5, 'is_nystrom': True, 'is_quickshift': False, 'is_meanshift': False, 'random_state': 42, 'n_repeats': 5, 'verbose': 10, 'overwrite': False, 'n_jobs': 0, 'out_dir': 'speedup/out/kjl_serial_ind_32_threads-cProfile_perf_counter-20times-5', 'nystrom_n': 100, 'nystrom_d': 5, 'nystrom_q': 0.25, 'GMM_n_components': 1}: ,,,,,,,
AECHO1_2020|speedup/data/src_dst/iat_size-header_False/AECHO1_2020/Xy-normal-abnormal.dat, Nystrom-GMM(diag), X_train_shape: (5000-51)|(X_val_shape: (600-51)), X_test_shape: (600-51), iat_size(auc: 0.0782+/-0.0239,train_time: 0.83552+/-0.02751,test_time: 0.00425+/-0.00037), => aucs:0.07296666666666667-0.06782222222222221-0.05977777777777776-0.06526666666666664-0.12537222222222227, train_times:0.8497049901634455-0.8531944490969181-0.8595732413232327-0.8312940932810307-0.7838226538151503, test_times:0.004037859104573727-0.003627374581992626-0.004571679607033729-0.004543268494307995-0.0044753926806151865, n_comp: 1.00+/-0.00, 1-1-1-1-1, space_sizes: 5610-5610-5610-5610-5610,tot_clusters:0,0,n_clusters: 0,0, with params: {'model_name': 'Nystrom-GMM(diag)', 'train_size': 5000, 'detector_name': 'GMM', 'GMM_covariance_type': 'diag', 'GMM_is_init_all': False, 'is_gs': False, 'before_proj': False, 'after_proj': True, 'is_std': False, 'is_std_mean': False, 'is_kjl': False, 'kjl_d': 5, 'is_nystrom': True, 'is_quickshift': False, 'is_meanshift': False, 'random_state': 42, 'n_repeats': 5, 'verbose': 10, 'overwrite': False, 'n_jobs': 0, 'out_dir': 'speedup/out/kjl_serial_ind_32_threads-cProfile_perf_counter-20times-5', 'nystrom_n': 100, 'nystrom_d': 5, 'nystrom_q': 0.25, 'GMM_n_components': 1}: ,,,,,,,
DWSHR_WSHR_2020|speedup/data/src_dst/iat_size-header_False/DWSHR_WSHR_2020/Xy-normal-abnormal.dat, Nystrom-GMM(diag), X_train_shape: (5000-21)|(X_val_shape: (600-21)), X_test_shape: (600-21), iat_size(auc: 0.3621+/-0.0142,train_time: 0.79083+/-0.03504,test_time: 0.00425+/-0.00044), => aucs:0.3557055555555556-0.3666555555555556-0.3406388888888889-0.3633833333333333-0.383988888888889, train_times:0.7817874308675528-0.8251698110252619-0.7290442306548357-0.8231483474373817-0.7949754409492016, test_times:0.0045045226812362674-0.004623534809798002-0.004148740973323584-0.0034314180724322797-0.004529392998665571, n_comp: 1.00+/-0.00, 1-1-1-1-1, space_sizes: 2610-2610-2610-2610-2610,tot_clusters:0,0,n_clusters: 0,0, with params: {'model_name': 'Nystrom-GMM(diag)', 'train_size': 5000, 'detector_name': 'GMM', 'GMM_covariance_type': 'diag', 'GMM_is_init_all': False, 'is_gs': False, 'before_proj': False, 'after_proj': True, 'is_std': False, 'is_std_mean': False, 'is_kjl': False, 'kjl_d': 5, 'is_nystrom': True, 'is_quickshift': False, 'is_meanshift': False, 'random_state': 42, 'n_repeats': 5, 'verbose': 10, 'overwrite': False, 'n_jobs': 0, 'out_dir': 'speedup/out/kjl_serial_ind_32_threads-cProfile_perf_counter-20times-5', 'nystrom_n': 100, 'nystrom_d': 5, 'nystrom_q': 0.25, 'GMM_n_components': 1}: ,,,,,,,
UNB345_3|speedup/out/kjl_serial_ind_32_threads-cProfile_perf_counter-20times-5/src_dst/iat_size-header_False/UNB345_3/before_proj_False-gs_False/KJL-QS-GMM(diag)-std_False_center_False-d_5-diag/res.dat.csv,KJL-QS-GMM(diag),X_train_shape,X_test_shape,iat_size,,,,,,,,,,,,,,,,,,,,,,,,,,,,,,,,,,,,,,,,,,,,
CTU1|speedup/out/kjl_serial_ind_32_threads-cProfile_perf_counter-20times-5/src_dst/iat_size-header_False/CTU1/before_proj_False-gs_False/KJL-QS-GMM(diag)-std_False_center_False-d_5-diag/res.dat.csv,KJL-QS-GMM(diag),X_train_shape,X_test_shape,iat_size,,,,,,,,,,,,,,,,,,,,,,,,,,,,,,,,,,,,,,,,,,,,
MAWI1_2020|speedup/out/kjl_serial_ind_32_threads-cProfile_perf_counter-20times-5/src_dst/iat_size-header_False/MAWI1_2020/before_proj_False-gs_False/KJL-QS-GMM(diag)-std_False_center_False-d_5-diag/res.dat.csv,KJL-QS-GMM(diag),X_train_shape,X_test_shape,iat_size,,,,,,,,,,,,,,,,,,,,,,,,,,,,,,,,,,,,,,,,,,,,
MACCDC1|speedup/out/kjl_serial_ind_32_threads-cProfile_perf_counter-20times-5/src_dst/iat_size-header_False/MACCDC1/before_proj_False-gs_False/KJL-QS-GMM(diag)-std_False_center_False-d_5-diag/res.dat.csv,KJL-QS-GMM(diag),X_train_shape,X_test_shape,iat_size,,,,,,,,,,,,,,,,,,,,,,,,,,,,,,,,,,,,,,,,,,,,
SFRIG1_2020|speedup/out/kjl_serial_ind_32_threads-cProfile_perf_counter-20times-5/src_dst/iat_size-header_False/SFRIG1_2020/before_proj_False-gs_False/KJL-QS-GMM(diag)-std_False_center_False-d_5-diag/res.dat.csv,KJL-QS-GMM(diag),X_train_shape,X_test_shape,iat_size,,,,,,,,,,,,,,,,,,,,,,,,,,,,,,,,,,,,,,,,,,,,
AECHO1_2020|speedup/out/kjl_serial_ind_32_threads-cProfile_perf_counter-20times-5/src_dst/iat_size-header_False/AECHO1_2020/before_proj_False-gs_False/KJL-QS-GMM(diag)-std_False_center_False-d_5-diag/res.dat.csv,KJL-QS-GMM(diag),X_train_shape,X_test_shape,iat_size,,,,,,,,,,,,,,,,,,,,,,,,,,,,,,,,,,,,,,,,,,,,
DWSHR_WSHR_2020|speedup/out/kjl_serial_ind_32_threads-cProfile_perf_counter-20times-5/src_dst/iat_size-header_False/DWSHR_WSHR_2020/before_proj_False-gs_False/KJL-QS-GMM(diag)-std_False_center_False-d_5-diag/res.dat.csv,KJL-QS-GMM(diag),X_train_shape,X_test_shape,iat_size,,,,,,,,,,,,,,,,,,,,,,,,,,,,,,,,,,,,,,,,,,,,
UNB345_3|speedup/out/kjl_serial_ind_32_threads-cProfile_perf_counter-20times-5/src_dst/iat_size-header_False/UNB345_3/before_proj_False-gs_False/Nystrom-QS-GMM(diag)-std_False_center_False-d_5-diag/res.dat.csv,Nystrom-QS-GMM(diag),X_train_shape,X_test_shape,iat_size,,,,,,,,,,,,,,,,,,,,,,,,,,,,,,,,,,,,,,,,,,,,
CTU1|speedup/out/kjl_serial_ind_32_threads-cProfile_perf_counter-20times-5/src_dst/iat_size-header_False/CTU1/before_proj_False-gs_False/Nystrom-QS-GMM(diag)-std_False_center_False-d_5-diag/res.dat.csv,Nystrom-QS-GMM(diag),X_train_shape,X_test_shape,iat_size,,,,,,,,,,,,,,,,,,,,,,,,,,,,,,,,,,,,,,,,,,,,
MAWI1_2020|speedup/out/kjl_serial_ind_32_threads-cProfile_perf_counter-20times-5/src_dst/iat_size-header_False/MAWI1_2020/before_proj_False-gs_False/Nystrom-QS-GMM(diag)-std_False_center_False-d_5-diag/res.dat.csv,Nystrom-QS-GMM(diag),X_train_shape,X_test_shape,iat_size,,,,,,,,,,,,,,,,,,,,,,,,,,,,,,,,,,,,,,,,,,,,
MACCDC1|speedup/out/kjl_serial_ind_32_threads-cProfile_perf_counter-20times-5/src_dst/iat_size-header_False/MACCDC1/before_proj_False-gs_False/Nystrom-QS-GMM(diag)-std_False_center_False-d_5-diag/res.dat.csv,Nystrom-QS-GMM(diag),X_train_shape,X_test_shape,iat_size,,,,,,,,,,,,,,,,,,,,,,,,,,,,,,,,,,,,,,,,,,,,
SFRIG1_2020|speedup/out/kjl_serial_ind_32_threads-cProfile_perf_counter-20times-5/src_dst/iat_size-header_False/SFRIG1_2020/before_proj_False-gs_False/Nystrom-QS-GMM(diag)-std_False_center_False-d_5-diag/res.dat.csv,Nystrom-QS-GMM(diag),X_train_shape,X_test_shape,iat_size,,,,,,,,,,,,,,,,,,,,,,,,,,,,,,,,,,,,,,,,,,,,
AECHO1_2020|speedup/out/kjl_serial_ind_32_threads-cProfile_perf_counter-20times-5/src_dst/iat_size-header_False/AECHO1_2020/before_proj_False-gs_False/Nystrom-QS-GMM(diag)-std_False_center_False-d_5-diag/res.dat.csv,Nystrom-QS-GMM(diag),X_train_shape,X_test_shape,iat_size,,,,,,,,,,,,,,,,,,,,,,,,,,,,,,,,,,,,,,,,,,,,
DWSHR_WSHR_2020|speedup/out/kjl_serial_ind_32_threads-cProfile_perf_counter-20times-5/src_dst/iat_size-header_False/DWSHR_WSHR_2020/before_proj_False-gs_False/Nystrom-QS-GMM(diag)-std_False_center_False-d_5-diag/res.dat.csv,Nystrom-QS-GMM(diag),X_train_shape,X_test_shape,iat_size,,,,,,,,,,,,,,,,,,,,,,,,,,,,,,,,,,,,,,,,,,,,
UNB345_3|speedup/data/src_dst/iat_size-header_False/UNB345_3/Xy-normal-abnormal.dat, KJL-QS-init_GMM(diag), X_train_shape: (5000-47)|(X_val_shape: (600-47)), X_test_shape: (600-47), iat_size(auc: 0.9328+/-0.0362,train_time: 1.71597+/-0.05003,test_time: 0.00529+/-0.00048), => aucs:0.9469555555555553-0.8609666666666665-0.9490333333333332-0.9589777777777779-0.9481277777777779, train_times:1.7797782085835934-1.771604424342513-1.680131796747446-1.691003805026412-1.6573277562856674, test_times:0.00496699120849371-0.004987705312669277-0.0062306291423738-0.0051179778762161735-0.005124271940439939, n_comp: 5.60+/-1.74, 5-9-5-5-4, space_sizes: 5250-5290-5250-5250-5240,tot_clusters:23.20+/-9.58, 9-36-29-26-16,n_clusters: 5.60+/-1.74, 5-9-5-5-4, with params: {'model_name': 'KJL-QS-init_GMM(diag)', 'train_size': 5000, 'detector_name': 'GMM', 'GMM_covariance_type': 'diag', 'GMM_is_init_all': True, 'is_gs': False, 'before_proj': False, 'after_proj': True, 'is_std': False, 'is_std_mean': False, 'is_kjl': True, 'kjl_d': 5, 'is_nystrom': False, 'is_quickshift': True, 'is_meanshift': False, 'random_state': 42, 'n_repeats': 5, 'verbose': 10, 'overwrite': False, 'n_jobs': 0, 'out_dir': 'speedup/out/kjl_serial_ind_32_threads-cProfile_perf_counter-20times-5', 'kjl_n': 100, 'kjl_q': 0.25, 'quickshift_k': 292, 'quickshift_beta': 0.9, 'GMM_n_components': 4, 'qs_res': {'tot_clusters': '0:2456-1:1990-3:298-2:144-4:63-5:12-6:12-7:8-13:7-8:3-11:2-9:1-10:1-12:1-14:1-15:1', 'n_clusters': 4, 'q_proj': 0.25, 'k_qs': 292, 'beta_qs': 0.9}}: ,
CTU1|speedup/data/src_dst/iat_size-header_False/CTU1/Xy-normal-abnormal.dat, KJL-QS-init_GMM(diag), X_train_shape: (5000-23)|(X_val_shape: (600-23)), X_test_shape: (600-23), iat_size(auc: 0.6539+/-0.0359,train_time: 1.76877+/-0.03970,test_time: 0.00528+/-0.00023), => aucs:0.7048833333333333-0.6709277777777776-0.630738888888889-0.6628833333333334-0.5998500000000001, train_times:1.7234062943607569-1.75628718174994-1.7829063814133406-1.8381296042352915-1.7431432846933603, test_times:0.005322391167283058-0.0052034839987754825-0.0053884688764810566-0.00490353275090456-0.005590579193085432, n_comp: 11.00+/-2.45, 13-7-14-11-10, space_sizes: 2930-2870-2940-2910-2900,tot_clusters:23.60+/-7.20, 33-11-24-27-23,n_clusters: 11.00+/-2.45, 13-7-14-11-10, with params: {'model_name': 'KJL-QS-init_GMM(diag)', 'train_size': 5000, 'detector_name': 'GMM', 'GMM_covariance_type': 'diag', 'GMM_is_init_all': True, 'is_gs': False, 'before_proj': False, 'after_proj': True, 'is_std': False, 'is_std_mean': False, 'is_kjl': True, 'kjl_d': 5, 'is_nystrom': False, 'is_quickshift': True, 'is_meanshift': False, 'random_state': 42, 'n_repeats': 5, 'verbose': 10, 'overwrite': False, 'n_jobs': 0, 'out_dir': 'speedup/out/kjl_serial_ind_32_threads-cProfile_perf_counter-20times-5', 'kjl_n': 100, 'kjl_q': 0.25, 'quickshift_k': 292, 'quickshift_beta': 0.9, 'GMM_n_components': 10, 'qs_res': {'tot_clusters': '2:1157-1:860-4:503-3:461-5:429-7:322-8:311-9:303-0:292-6:162-11:91-10:57-12:13-13:11-14:8-15:5-19:5-16:3-20:3-17:1-18:1-21:1-22:1', 'n_clusters': 10, 'q_proj': 0.25, 'k_qs': 292, 'beta_qs': 0.9}}: ,
MAWI1_2020|speedup/data/src_dst/iat_size-header_False/MAWI1_2020/Xy-normal-abnormal.dat, KJL-QS-init_GMM(diag), X_train_shape: (5000-121)|(X_val_shape: (600-121)), X_test_shape: (600-121), iat_size(auc: 0.1247+/-0.0046,train_time: 1.82265+/-0.04256,test_time: 0.00538+/-0.00036), => aucs:0.12333333333333325-0.13333333333333336-0.12000000000000002-0.125-0.12166666666666663, train_times:1.7646947465837002-1.8094441704452038-1.8003713469952345-1.8511669468134642-1.8875550609081984, test_times:0.005087932106107473-0.005214488133788109-0.006074232701212168-0.005152840819209814-0.005371247697621584, n_comp: 20.00+/-0.00, 20-20-20-20-20, space_sizes: 12800-12800-12800-12800-12800,tot_clusters:656.60+/-28.48, 647-702-648-616-670,n_clusters: 20.00+/-0.00, 20-20-20-20-20, with params: {'model_name': 'KJL-QS-init_GMM(diag)', 'train_size': 5000, 'detector_name': 'GMM', 'GMM_covariance_type': 'diag', 'GMM_is_init_all': True, 'is_gs': False, 'before_proj': False, 'after_proj': True, 'is_std': False, 'is_std_mean': False, 'is_kjl': True, 'kjl_d': 5, 'is_nystrom': False, 'is_quickshift': True, 'is_meanshift': False, 'random_state': 42, 'n_repeats': 5, 'verbose': 10, 'overwrite': False, 'n_jobs': 0, 'out_dir': 'speedup/out/kjl_serial_ind_32_threads-cProfile_perf_counter-20times-5', 'kjl_n': 100, 'kjl_q': 0.25, 'quickshift_k': 292, 'quickshift_beta': 0.9, 'GMM_n_components': 20, 'qs_res': {'tot_clusters': '1:2803-2:560-3:292-0:275-4:244-16:59-13:31-18:18-14:13-60:9-86:7-185:6-90:5-232:5-89:4-67:3-144:3-220:3-87:2-173:2-233:2-236:2-253:2-435:2-557:2-560:2-5:1-6:1-7:1-8:1-9:1-10:1-11:1-12:1-15:1-17:1-19:1-20:1-21:1-22:1-23:1-24:1-25:1-26:1-27:1-28:1-29:1-30:1-31:1-32:1-33:1-34:1-35:1-36:1-37:1-38:1-39:1-40:1-41:1-42:1-43:1-44:1-45:1-46:1-47:1-48:1-49:1-50:1-51:1-52:1-53:1-54:1-55:1-56:1-57:1-58:1-59:1-61:1-62:1-63:1-64:1-65:1-66:1-68:1-69:1-70:1-71:1-72:1-73:1-74:1-75:1-76:1-77:1-78:1-79:1-80:1-81:1-82:1-83:1-84:1-85:1-88:1-91:1-92:1-93:1-94:1-95:1-96:1-97:1-98:1-99:1-100:1-101:1-102:1-103:1-104:1-105:1-106:1-107:1-108:1-109:1-110:1-111:1-112:1-113:1-114:1-115:1-116:1-117:1-118:1-119:1-120:1-121:1-122:1-123:1-124:1-125:1-126:1-127:1-128:1-129:1-130:1-131:1-132:1-133:1-134:1-135:1-136:1-137:1-138:1-139:1-140:1-141:1-142:1-143:1-145:1-146:1-147:1-148:1-149:1-150:1-151:1-152:1-153:1-154:1-155:1-156:1-157:1-158:1-159:1-160:1-161:1-162:1-163:1-164:1-165:1-166:1-167:1-168:1-169:1-170:1-171:1-172:1-174:1-175:1-176:1-177:1-178:1-179:1-180:1-181:1-182:1-183:1-184:1-186:1-187:1-188:1-189:1-190:1-191:1-192:1-193:1-194:1-195:1-196:1-197:1-198:1-199:1-200:1-201:1-202:1-203:1-204:1-205:1-206:1-207:1-208:1-209:1-210:1-211:1-212:1-213:1-214:1-215:1-216:1-217:1-218:1-219:1-221:1-222:1-223:1-224:1-225:1-226:1-227:1-228:1-229:1-230:1-231:1-234:1-235:1-237:1-238:1-239:1-240:1-241:1-242:1-243:1-244:1-245:1-246:1-247:1-248:1-249:1-250:1-251:1-252:1-254:1-255:1-256:1-257:1-258:1-259:1-260:1-261:1-262:1-263:1-264:1-265:1-266:1-267:1-268:1-269:1-270:1-271:1-272:1-273:1-274:1-275:1-276:1-277:1-278:1-279:1-280:1-281:1-282:1-283:1-284:1-285:1-286:1-287:1-288:1-289:1-290:1-291:1-292:1-293:1-294:1-295:1-296:1-297:1-298:1-299:1-300:1-301:1-302:1-303:1-304:1-305:1-306:1-307:1-308:1-309:1-310:1-311:1-312:1-313:1-314:1-315:1-316:1-317:1-318:1-319:1-320:1-321:1-322:1-323:1-324:1-325:1-326:1-327:1-328:1-329:1-330:1-331:1-332:1-333:1-334:1-335:1-336:1-337:1-338:1-339:1-340:1-341:1-342:1-343:1-344:1-345:1-346:1-347:1-348:1-349:1-350:1-351:1-352:1-353:1-354:1-355:1-356:1-357:1-358:1-359:1-360:1-361:1-362:1-363:1-364:1-365:1-366:1-367:1-368:1-369:1-370:1-371:1-372:1-373:1-374:1-375:1-376:1-377:1-378:1-379:1-380:1-381:1-382:1-383:1-384:1-385:1-386:1-387:1-388:1-389:1-390:1-391:1-392:1-393:1-394:1-395:1-396:1-397:1-398:1-399:1-400:1-401:1-402:1-403:1-404:1-405:1-406:1-407:1-408:1-409:1-410:1-411:1-412:1-413:1-414:1-415:1-416:1-417:1-418:1-419:1-420:1-421:1-422:1-423:1-424:1-425:1-426:1-427:1-428:1-429:1-430:1-431:1-432:1-433:1-434:1-436:1-437:1-438:1-439:1-440:1-441:1-442:1-443:1-444:1-445:1-446:1-447:1-448:1-449:1-450:1-451:1-452:1-453:1-454:1-455:1-456:1-457:1-458:1-459:1-460:1-461:1-462:1-463:1-464:1-465:1-466:1-467:1-468:1-469:1-470:1-471:1-472:1-473:1-474:1-475:1-476:1-477:1-478:1-479:1-480:1-481:1-482:1-483:1-484:1-485:1-486:1-487:1-488:1-489:1-490:1-491:1-492:1-493:1-494:1-495:1-496:1-497:1-498:1-499:1-500:1-501:1-502:1-503:1-504:1-505:1-506:1-507:1-508:1-509:1-510:1-511:1-512:1-513:1-514:1-515:1-516:1-517:1-518:1-519:1-520:1-521:1-522:1-523:1-524:1-525:1-526:1-527:1-528:1-529:1-530:1-531:1-532:1-533:1-534:1-535:1-536:1-537:1-538:1-539:1-540:1-541:1-542:1-543:1-544:1-545:1-546:1-547:1-548:1-549:1-550:1-551:1-552:1-553:1-554:1-555:1-556:1-558:1-559:1-561:1-562:1-563:1-564:1-565:1-566:1-567:1-568:1-569:1-570:1-571:1-572:1-573:1-574:1-575:1-576:1-577:1-578:1-579:1-580:1-581:1-582:1-583:1-584:1-585:1-586:1-587:1-588:1-589:1-590:1-591:1-592:1-593:1-594:1-595:1-596:1-597:1-598:1-599:1-600:1-601:1-602:1-603:1-604:1-605:1-606:1-607:1-608:1-609:1-610:1-611:1-612:1-613:1-614:1-615:1-616:1-617:1-618:1-619:1-620:1-621:1-622:1-623:1-624:1-625:1-626:1-627:1-628:1-629:1-630:1-631:1-632:1-633:1-634:1-635:1-636:1-637:1-638:1-639:1-640:1-641:1-642:1-643:1-644:1-645:1-646:1-647:1-648:1-649:1-650:1-651:1-652:1-653:1-654:1-655:1-656:1-657:1-658:1-659:1-660:1-661:1-662:1-663:1-664:1-665:1-666:1-667:1-668:1-669:1', 'n_clusters': 20, 'q_proj': 0.25, 'k_qs': 292, 'beta_qs': 0.9}}: ,
MACCDC1|speedup/data/src_dst/iat_size-header_False/MACCDC1/Xy-normal-abnormal.dat, KJL-QS-init_GMM(diag), X_train_shape: (5000-25)|(X_val_shape: (600-25)), X_test_shape: (600-25), iat_size(auc: 0.5773+/-0.1062,train_time: 1.69877+/-0.06098,test_time: 0.00537+/-0.00039), => aucs:0.5382944444444445-0.6710499999999999-0.5546944444444442-0.4112611111111112-0.7113166666666666, train_times:1.6099170688539743-1.7841755226254463-1.6773586608469486-1.6749014556407928-1.7474840804934502, test_times:0.0051931655965745446-0.00500261215493083-0.005163686908781528-0.006115034967660904-0.005356653872877359, n_comp: 7.00+/-1.10, 6-6-7-7-9, space_sizes: 3060-3060-3070-3070-3090,tot_clusters:12.80+/-1.17, 11-14-13-12-14,n_clusters: 7.00+/-1.10, 6-6-7-7-9, with params: {'model_name': 'KJL-QS-init_GMM(diag)', 'train_size': 5000, 'detector_name': 'GMM', 'GMM_covariance_type': 'diag', 'GMM_is_init_all': True, 'is_gs': False, 'before_proj': False, 'after_proj': True, 'is_std': False, 'is_std_mean': False, 'is_kjl': True, 'kjl_d': 5, 'is_nystrom': False, 'is_quickshift': True, 'is_meanshift': False, 'random_state': 42, 'n_repeats': 5, 'verbose': 10, 'overwrite': False, 'n_jobs': 0, 'out_dir': 'speedup/out/kjl_serial_ind_32_threads-cProfile_perf_counter-20times-5', 'kjl_n': 100, 'kjl_q': 0.25, 'quickshift_k': 292, 'quickshift_beta': 0.9, 'GMM_n_components': 9, 'qs_res': {'tot_clusters': '4:1219-2:1006-6:672-0:437-3:420-1:340-8:296-5:276-7:217-9:89-10:24-11:2-12:1-13:1', 'n_clusters': 9, 'q_proj': 0.25, 'k_qs': 292, 'beta_qs': 0.9}}: ,
SFRIG1_2020|speedup/data/src_dst/iat_size-header_False/SFRIG1_2020/Xy-normal-abnormal.dat, KJL-QS-init_GMM(diag), X_train_shape: (5000-23)|(X_val_shape: (600-23)), X_test_shape: (600-23), iat_size(auc: 0.4593+/-0.0848,train_time: 1.83554+/-0.05202,test_time: 0.00625+/-0.00162), => aucs:0.44157777777777774-0.5610833333333332-0.43537777777777775-0.5363055555555556-0.32218888888888897, train_times:1.7952287960797548-1.8881808202713728-1.9084296729415655-1.7831780854612589-1.802664790302515, test_times:0.005312858894467354-0.009473137464374304-0.0056181282736361025-0.005617396719753742-0.005216879490762949, n_comp: 11.40+/-1.02, 12-13-11-11-10, space_sizes: 2920-2930-2910-2910-2900,tot_clusters:28.00+/-3.79, 29-35-25-25-26,n_clusters: 11.40+/-1.02, 12-13-11-11-10, with params: {'model_name': 'KJL-QS-init_GMM(diag)', 'train_size': 5000, 'detector_name': 'GMM', 'GMM_covariance_type': 'diag', 'GMM_is_init_all': True, 'is_gs': False, 'before_proj': False, 'after_proj': True, 'is_std': False, 'is_std_mean': False, 'is_kjl': True, 'kjl_d': 5, 'is_nystrom': False, 'is_quickshift': True, 'is_meanshift': False, 'random_state': 42, 'n_repeats': 5, 'verbose': 10, 'overwrite': False, 'n_jobs': 0, 'out_dir': 'speedup/out/kjl_serial_ind_32_threads-cProfile_perf_counter-20times-5', 'kjl_n': 100, 'kjl_q': 0.25, 'quickshift_k': 292, 'quickshift_beta': 0.9, 'GMM_n_components': 10, 'qs_res': {'tot_clusters': '3:803-2:773-6:522-1:504-4:405-8:402-5:384-11:382-9:378-0:243-14:49-10:44-12:20-20:20-7:19-17:19-18:10-16:7-19:5-23:3-13:2-25:2-15:1-21:1-22:1-24:1', 'n_clusters': 10, 'q_proj': 0.25, 'k_qs': 292, 'beta_qs': 0.9}}: ,
AECHO1_2020|speedup/data/src_dst/iat_size-header_False/AECHO1_2020/Xy-normal-abnormal.dat, KJL-QS-init_GMM(diag), X_train_shape: (5000-51)|(X_val_shape: (600-51)), X_test_shape: (600-51), iat_size(auc: 0.7612+/-0.1379,train_time: 1.82876+/-0.03727,test_time: 0.00528+/-0.00045), => aucs:0.7239277777777778-0.8902833333333332-0.9485666666666669-0.6601166666666667-0.5833166666666667, train_times:1.8704899325966835-1.7930706925690174-1.8715744204819202-1.7830945923924446-1.8255693167448044, test_times:0.00526355467736721-0.005624654237180948-0.005843672435730696-0.004538025427609682-0.005145445000380278, n_comp: 11.00+/-2.53, 9-15-9-13-9, space_sizes: 5690-5750-5690-5730-5690,tot_clusters:24.60+/-3.72, 19-30-24-27-23,n_clusters: 11.00+/-2.53, 9-15-9-13-9, with params: {'model_name': 'KJL-QS-init_GMM(diag)', 'train_size': 5000, 'detector_name': 'GMM', 'GMM_covariance_type': 'diag', 'GMM_is_init_all': True, 'is_gs': False, 'before_proj': False, 'after_proj': True, 'is_std': False, 'is_std_mean': False, 'is_kjl': True, 'kjl_d': 5, 'is_nystrom': False, 'is_quickshift': True, 'is_meanshift': False, 'random_state': 42, 'n_repeats': 5, 'verbose': 10, 'overwrite': False, 'n_jobs': 0, 'out_dir': 'speedup/out/kjl_serial_ind_32_threads-cProfile_perf_counter-20times-5', 'kjl_n': 100, 'kjl_q': 0.25, 'quickshift_k': 292, 'quickshift_beta': 0.9, 'GMM_n_components': 9, 'qs_res': {'tot_clusters': '3:1626-6:710-7:538-2:481-0:397-5:311-8:300-9:293-1:113-4:86-13:56-12:19-11:17-16:15-17:13-14:10-15:7-10:3-18:1-19:1-20:1-21:1-22:1', 'n_clusters': 9, 'q_proj': 0.25, 'k_qs': 292, 'beta_qs': 0.9}}: ,
DWSHR_WSHR_2020|speedup/data/src_dst/iat_size-header_False/DWSHR_WSHR_2020/Xy-normal-abnormal.dat, KJL-QS-init_GMM(diag), X_train_shape: (5000-21)|(X_val_shape: (600-21)), X_test_shape: (600-21), iat_size(auc: 0.6432+/-0.0366,train_time: 1.83204+/-0.06621,test_time: 0.00535+/-0.00044), => aucs:0.660427777777778-0.6507666666666665-0.5992388888888891-0.6988166666666664-0.6067555555555555, train_times:1.939104836434126-1.8424924407154322-1.7465074677020311-1.780536537989974-1.851552663370967, test_times:0.005651059094816446-0.004774993378669023-0.006008692644536495-0.005307215824723243-0.00499493395909667, n_comp: 13.60+/-1.02, 14-13-15-14-12, space_sizes: 2740-2730-2750-2740-2720,tot_clusters:28.20+/-3.31, 27-27-34-29-24,n_clusters: 13.60+/-1.02, 14-13-15-14-12, with params: {'model_name': 'KJL-QS-init_GMM(diag)', 'train_size': 5000, 'detector_name': 'GMM', 'GMM_covariance_type': 'diag', 'GMM_is_init_all': True, 'is_gs': False, 'before_proj': False, 'after_proj': True, 'is_std': False, 'is_std_mean': False, 'is_kjl': True, 'kjl_d': 5, 'is_nystrom': False, 'is_quickshift': True, 'is_meanshift': False, 'random_state': 42, 'n_repeats': 5, 'verbose': 10, 'overwrite': False, 'n_jobs': 0, 'out_dir': 'speedup/out/kjl_serial_ind_32_threads-cProfile_perf_counter-20times-5', 'kjl_n': 100, 'kjl_q': 0.25, 'quickshift_k': 292, 'quickshift_beta': 0.9, 'GMM_n_components': 12, 'qs_res': {'tot_clusters': '0:1151-6:584-2:453-5:396-4:395-8:394-3:390-1:363-9:321-13:195-7:105-10:82-11:72-12:38-14:27-17:12-18:6-15:5-16:5-20:2-19:1-21:1-22:1-23:1', 'n_clusters': 12, 'q_proj': 0.25, 'k_qs': 292, 'beta_qs': 0.9}}: ,
UNB345_3|speedup/data/src_dst/iat_size-header_False/UNB345_3/Xy-normal-abnormal.dat, Nystrom-QS-init_GMM(diag), X_train_shape: (5000-47)|(X_val_shape: (600-47)), X_test_shape: (600-47), iat_size(auc: 0.8402+/-0.0476,train_time: 1.98218+/-0.09033,test_time: 0.00539+/-0.00019), => aucs:0.8989833333333334-0.8154-0.8964166666666668-0.7951277777777778-0.7948388888888889, train_times:1.9328810013830662-2.1240971703082323-1.8888882752507925-1.9135207831859589-2.051534717902541, test_times:0.005409673787653446-0.005058176722377539-0.005360887665301561-0.005639304593205452-0.005505375750362873, n_comp: 19.60+/-0.80, 20-20-20-18-20, space_sizes: 5400-5400-5400-5380-5400,tot_clusters:127.20+/-22.32, 139-140-151-88-118,n_clusters: 19.60+/-0.80, 20-20-20-18-20, with params: {'model_name': 'Nystrom-QS-init_GMM(diag)', 'train_size': 5000, 'detector_name': 'GMM', 'GMM_covariance_type': 'diag', 'GMM_is_init_all': True, 'is_gs': False, 'before_proj': False, 'after_proj': True, 'is_std': False, 'is_std_mean': False, 'is_kjl': False, 'kjl_d': 5, 'is_nystrom': True, 'is_quickshift': True, 'is_meanshift': False, 'random_state': 42, 'n_repeats': 5, 'verbose': 10, 'overwrite': False, 'n_jobs': 0, 'out_dir': 'speedup/out/kjl_serial_ind_32_threads-cProfile_perf_counter-20times-5', 'nystrom_n': 100, 'nystrom_d': 5, 'nystrom_q': 0.25, 'quickshift_k': 292, 'quickshift_beta': 0.9, 'GMM_n_components': 20, 'qs_res': {'tot_clusters': '1:1587-6:784-8:669-4:430-5:297-3:268-0:206-7:180-23:98-11:38-16:36-18:31-2:26-15:20-21:16-19:13-52:12-26:11-51:11-9:10-22:10-28:10-31:10-54:9-56:8-10:7-27:7-40:7-41:7-20:6-59:6-85:6-46:5-57:5-61:5-91:5-30:4-43:4-44:4-50:4-55:4-63:4-83:4-17:3-24:3-36:3-38:3-42:3-62:3-75:3-79:3-90:3-100:3-13:2-14:2-25:2-29:2-35:2-37:2-45:2-47:2-48:2-49:2-60:2-69:2-70:2-72:2-78:2-80:2-81:2-89:2-93:2-94:2-103:2-12:1-32:1-33:1-34:1-39:1-53:1-58:1-64:1-65:1-66:1-67:1-68:1-71:1-73:1-74:1-76:1-77:1-82:1-84:1-86:1-87:1-88:1-92:1-95:1-96:1-97:1-98:1-99:1-101:1-102:1-104:1-105:1-106:1-107:1-108:1-109:1-110:1-111:1-112:1-113:1-114:1-115:1-116:1-117:1', 'n_clusters': 20, 'q_proj': 0.25, 'k_qs': 292, 'beta_qs': 0.9}}: 
CTU1|speedup/data/src_dst/iat_size-header_False/CTU1/Xy-normal-abnormal.dat, Nystrom-QS-init_GMM(diag), X_train_shape: (5000-23)|(X_val_shape: (600-23)), X_test_shape: (600-23), iat_size(auc: 0.7351+/-0.0208,train_time: 1.81667+/-0.02248,test_time: 0.00510+/-0.00034), => aucs:0.7494611111111111-0.7161333333333334-0.7639277777777778-0.7383388888888888-0.7077222222222221, train_times:1.8218043483793736-1.7946022618561983-1.8426718581467867-1.7866749167442322-1.8376108948141336, test_times:0.005368992779403925-0.004516734089702368-0.00537344366312027-0.004925971385091543-0.005314159765839576, n_comp: 15.00+/-1.26, 16-16-16-14-13, space_sizes: 2960-2960-2960-2940-2930,tot_clusters:40.80+/-3.06, 44-39-41-44-36,n_clusters: 15.00+/-1.26, 16-16-16-14-13, with params: {'model_name': 'Nystrom-QS-init_GMM(diag)', 'train_size': 5000, 'detector_name': 'GMM', 'GMM_covariance_type': 'diag', 'GMM_is_init_all': True, 'is_gs': False, 'before_proj': False, 'after_proj': True, 'is_std': False, 'is_std_mean': False, 'is_kjl': False, 'kjl_d': 5, 'is_nystrom': True, 'is_quickshift': True, 'is_meanshift': False, 'random_state': 42, 'n_repeats': 5, 'verbose': 10, 'overwrite': False, 'n_jobs': 0, 'out_dir': 'speedup/out/kjl_serial_ind_32_threads-cProfile_perf_counter-20times-5', 'nystrom_n': 100, 'nystrom_d': 5, 'nystrom_q': 0.25, 'quickshift_k': 292, 'quickshift_beta': 0.9, 'GMM_n_components': 13, 'qs_res': {'tot_clusters': '3:852-1:833-9:463-4:451-5:428-11:387-7:322-0:292-14:190-6:180-2:179-12:134-15:78-13:57-8:37-20:24-10:17-25:16-18:11-19:11-21:8-22:5-23:4-24:3-30:3-16:2-26:2-31:2-34:2-17:1-27:1-28:1-29:1-32:1-33:1-35:1', 'n_clusters': 13, 'q_proj': 0.25, 'k_qs': 292, 'beta_qs': 0.9}}: 
MAWI1_2020|speedup/data/src_dst/iat_size-header_False/MAWI1_2020/Xy-normal-abnormal.dat, Nystrom-QS-init_GMM(diag), X_train_shape: (5000-121)|(X_val_shape: (600-121)), X_test_shape: (600-121), iat_size(auc: 0.1553+/-0.0024,train_time: 1.85066+/-0.05460,test_time: 0.00522+/-0.00023), => aucs:0.1516666666666667-0.15666666666666668-0.1583333333333333-0.15333333333333332-0.15666666666666668, train_times:1.8796302303671837-1.935155712068081-1.7759490013122559-1.8485094513744116-1.8140470050275326, test_times:0.004863917361944914-0.005551716405898332-0.005133912619203329-0.00520212845876813-0.005342723429203033, n_comp: 20.00+/-0.00, 20-20-20-20-20, space_sizes: 12800-12800-12800-12800-12800,tot_clusters:666.20+/-26.13, 646-713-656-641-675,n_clusters: 20.00+/-0.00, 20-20-20-20-20, with params: {'model_name': 'Nystrom-QS-init_GMM(diag)', 'train_size': 5000, 'detector_name': 'GMM', 'GMM_covariance_type': 'diag', 'GMM_is_init_all': True, 'is_gs': False, 'before_proj': False, 'after_proj': True, 'is_std': False, 'is_std_mean': False, 'is_kjl': False, 'kjl_d': 5, 'is_nystrom': True, 'is_quickshift': True, 'is_meanshift': False, 'random_state': 42, 'n_repeats': 5, 'verbose': 10, 'overwrite': False, 'n_jobs': 0, 'out_dir': 'speedup/out/kjl_serial_ind_32_threads-cProfile_perf_counter-20times-5', 'nystrom_n': 100, 'nystrom_d': 5, 'nystrom_q': 0.25, 'quickshift_k': 292, 'quickshift_beta': 0.9, 'GMM_n_components': 20, 'qs_res': {'tot_clusters': '1:2803-2:560-4:292-5:244-0:211-22:58-12:40-10:33-19:33-55:17-20:13-30:8-175:6-226:5-121:4-32:3-62:3-93:2-161:2-163:2-240:2-280:2-371:2-447:2-563:2-566:2-3:1-6:1-7:1-8:1-9:1-11:1-13:1-14:1-15:1-16:1-17:1-18:1-21:1-23:1-24:1-25:1-26:1-27:1-28:1-29:1-31:1-33:1-34:1-35:1-36:1-37:1-38:1-39:1-40:1-41:1-42:1-43:1-44:1-45:1-46:1-47:1-48:1-49:1-50:1-51:1-52:1-53:1-54:1-56:1-57:1-58:1-59:1-60:1-61:1-63:1-64:1-65:1-66:1-67:1-68:1-69:1-70:1-71:1-72:1-73:1-74:1-75:1-76:1-77:1-78:1-79:1-80:1-81:1-82:1-83:1-84:1-85:1-86:1-87:1-88:1-89:1-90:1-91:1-92:1-94:1-95:1-96:1-97:1-98:1-99:1-100:1-101:1-102:1-103:1-104:1-105:1-106:1-107:1-108:1-109:1-110:1-111:1-112:1-113:1-114:1-115:1-116:1-117:1-118:1-119:1-120:1-122:1-123:1-124:1-125:1-126:1-127:1-128:1-129:1-130:1-131:1-132:1-133:1-134:1-135:1-136:1-137:1-138:1-139:1-140:1-141:1-142:1-143:1-144:1-145:1-146:1-147:1-148:1-149:1-150:1-151:1-152:1-153:1-154:1-155:1-156:1-157:1-158:1-159:1-160:1-162:1-164:1-165:1-166:1-167:1-168:1-169:1-170:1-171:1-172:1-173:1-174:1-176:1-177:1-178:1-179:1-180:1-181:1-182:1-183:1-184:1-185:1-186:1-187:1-188:1-189:1-190:1-191:1-192:1-193:1-194:1-195:1-196:1-197:1-198:1-199:1-200:1-201:1-202:1-203:1-204:1-205:1-206:1-207:1-208:1-209:1-210:1-211:1-212:1-213:1-214:1-215:1-216:1-217:1-218:1-219:1-220:1-221:1-222:1-223:1-224:1-225:1-227:1-228:1-229:1-230:1-231:1-232:1-233:1-234:1-235:1-236:1-237:1-238:1-239:1-241:1-242:1-243:1-244:1-245:1-246:1-247:1-248:1-249:1-250:1-251:1-252:1-253:1-254:1-255:1-256:1-257:1-258:1-259:1-260:1-261:1-262:1-263:1-264:1-265:1-266:1-267:1-268:1-269:1-270:1-271:1-272:1-273:1-274:1-275:1-276:1-277:1-278:1-279:1-281:1-282:1-283:1-284:1-285:1-286:1-287:1-288:1-289:1-290:1-291:1-292:1-293:1-294:1-295:1-296:1-297:1-298:1-299:1-300:1-301:1-302:1-303:1-304:1-305:1-306:1-307:1-308:1-309:1-310:1-311:1-312:1-313:1-314:1-315:1-316:1-317:1-318:1-319:1-320:1-321:1-322:1-323:1-324:1-325:1-326:1-327:1-328:1-329:1-330:1-331:1-332:1-333:1-334:1-335:1-336:1-337:1-338:1-339:1-340:1-341:1-342:1-343:1-344:1-345:1-346:1-347:1-348:1-349:1-350:1-351:1-352:1-353:1-354:1-355:1-356:1-357:1-358:1-359:1-360:1-361:1-362:1-363:1-364:1-365:1-366:1-367:1-368:1-369:1-370:1-372:1-373:1-374:1-375:1-376:1-377:1-378:1-379:1-380:1-381:1-382:1-383:1-384:1-385:1-386:1-387:1-388:1-389:1-390:1-391:1-392:1-393:1-394:1-395:1-396:1-397:1-398:1-399:1-400:1-401:1-402:1-403:1-404:1-405:1-406:1-407:1-408:1-409:1-410:1-411:1-412:1-413:1-414:1-415:1-416:1-417:1-418:1-419:1-420:1-421:1-422:1-423:1-424:1-425:1-426:1-427:1-428:1-429:1-430:1-431:1-432:1-433:1-434:1-435:1-436:1-437:1-438:1-439:1-440:1-441:1-442:1-443:1-444:1-445:1-446:1-448:1-449:1-450:1-451:1-452:1-453:1-454:1-455:1-456:1-457:1-458:1-459:1-460:1-461:1-462:1-463:1-464:1-465:1-466:1-467:1-468:1-469:1-470:1-471:1-472:1-473:1-474:1-475:1-476:1-477:1-478:1-479:1-480:1-481:1-482:1-483:1-484:1-485:1-486:1-487:1-488:1-489:1-490:1-491:1-492:1-493:1-494:1-495:1-496:1-497:1-498:1-499:1-500:1-501:1-502:1-503:1-504:1-505:1-506:1-507:1-508:1-509:1-510:1-511:1-512:1-513:1-514:1-515:1-516:1-517:1-518:1-519:1-520:1-521:1-522:1-523:1-524:1-525:1-526:1-527:1-528:1-529:1-530:1-531:1-532:1-533:1-534:1-535:1-536:1-537:1-538:1-539:1-540:1-541:1-542:1-543:1-544:1-545:1-546:1-547:1-548:1-549:1-550:1-551:1-552:1-553:1-554:1-555:1-556:1-557:1-558:1-559:1-560:1-561:1-562:1-564:1-565:1-567:1-568:1-569:1-570:1-571:1-572:1-573:1-574:1-575:1-576:1-577:1-578:1-579:1-580:1-581:1-582:1-583:1-584:1-585:1-586:1-587:1-588:1-589:1-590:1-591:1-592:1-593:1-594:1-595:1-596:1-597:1-598:1-599:1-600:1-601:1-602:1-603:1-604:1-605:1-606:1-607:1-608:1-609:1-610:1-611:1-612:1-613:1-614:1-615:1-616:1-617:1-618:1-619:1-620:1-621:1-622:1-623:1-624:1-625:1-626:1-627:1-628:1-629:1-630:1-631:1-632:1-633:1-634:1-635:1-636:1-637:1-638:1-639:1-640:1-641:1-642:1-643:1-644:1-645:1-646:1-647:1-648:1-649:1-650:1-651:1-652:1-653:1-654:1-655:1-656:1-657:1-658:1-659:1-660:1-661:1-662:1-663:1-664:1-665:1-666:1-667:1-668:1-669:1-670:1-671:1-672:1-673:1-674:1', 'n_clusters': 20, 'q_proj': 0.25, 'k_qs': 292, 'beta_qs': 0.9}}: 
MACCDC1|speedup/data/src_dst/iat_size-header_False/MACCDC1/Xy-normal-abnormal.dat, Nystrom-QS-init_GMM(diag), X_train_shape: (5000-25)|(X_val_shape: (600-25)), X_test_shape: (600-25), iat_size(auc: 0.6097+/-0.0510,train_time: 1.78063+/-0.08195,test_time: 0.00558+/-0.00058), => aucs:0.5119388888888888-0.6396611111111112-0.6213166666666667-0.6172944444444446-0.6583166666666664, train_times:1.7185830920934677-1.7176087964326143-1.907133275642991-1.8497455213218927-1.7100874353200197, test_times:0.006655653100460767-0.005411225743591786-0.00526118278503418-0.00493119414895773-0.0056291940622031685, n_comp: 7.40+/-0.49, 7-7-8-7-8, space_sizes: 3070-3070-3080-3070-3080,tot_clusters:13.40+/-1.02, 13-12-13-15-14,n_clusters: 7.40+/-0.49, 7-7-8-7-8, with params: {'model_name': 'Nystrom-QS-init_GMM(diag)', 'train_size': 5000, 'detector_name': 'GMM', 'GMM_covariance_type': 'diag', 'GMM_is_init_all': True, 'is_gs': False, 'before_proj': False, 'after_proj': True, 'is_std': False, 'is_std_mean': False, 'is_kjl': False, 'kjl_d': 5, 'is_nystrom': True, 'is_quickshift': True, 'is_meanshift': False, 'random_state': 42, 'n_repeats': 5, 'verbose': 10, 'overwrite': False, 'n_jobs': 0, 'out_dir': 'speedup/out/kjl_serial_ind_32_threads-cProfile_perf_counter-20times-5', 'nystrom_n': 100, 'nystrom_d': 5, 'nystrom_q': 0.25, 'quickshift_k': 292, 'quickshift_beta': 0.9, 'GMM_n_components': 8, 'qs_res': {'tot_clusters': '2:1200-4:1122-6:713-7:513-0:437-1:340-9:292-3:221-8:96-5:40-10:23-11:1-12:1-13:1', 'n_clusters': 8, 'q_proj': 0.25, 'k_qs': 292, 'beta_qs': 0.9}}: 
SFRIG1_2020|speedup/data/src_dst/iat_size-header_False/SFRIG1_2020/Xy-normal-abnormal.dat, Nystrom-QS-init_GMM(diag), X_train_shape: (5000-23)|(X_val_shape: (600-23)), X_test_shape: (600-23), iat_size(auc: 0.3900+/-0.0982,train_time: 1.87609+/-0.04024,test_time: 0.00630+/-0.00090), => aucs:0.19862222222222226-0.4272-0.4800555555555556-0.4208666666666668-0.4232777777777777, train_times:1.8184075374156237-1.924612119793892-1.9050667118281126-1.8924276046454906-1.839925603941083, test_times:0.006232964247465134-0.007620071433484555-0.0062181721441447735-0.006641792878508568-0.004808984044939279, n_comp: 14.00+/-0.63, 14-14-14-15-13, space_sizes: 2940-2940-2940-2950-2930,tot_clusters:47.00+/-2.45, 43-47-46-50-49,n_clusters: 14.00+/-0.63, 14-14-14-15-13, with params: {'model_name': 'Nystrom-QS-init_GMM(diag)', 'train_size': 5000, 'detector_name': 'GMM', 'GMM_covariance_type': 'diag', 'GMM_is_init_all': True, 'is_gs': False, 'before_proj': False, 'after_proj': True, 'is_std': False, 'is_std_mean': False, 'is_kjl': False, 'kjl_d': 5, 'is_nystrom': True, 'is_quickshift': True, 'is_meanshift': False, 'random_state': 42, 'n_repeats': 5, 'verbose': 10, 'overwrite': False, 'n_jobs': 0, 'out_dir': 'speedup/out/kjl_serial_ind_32_threads-cProfile_perf_counter-20times-5', 'nystrom_n': 100, 'nystrom_d': 5, 'nystrom_q': 0.25, 'quickshift_k': 292, 'quickshift_beta': 0.9, 'GMM_n_components': 13, 'qs_res': {'tot_clusters': '3:803-2:773-1:503-4:405-9:402-5:384-12:382-10:378-8:370-0:243-6:58-16:49-11:44-13:21-33:20-7:19-17:19-23:19-19:13-30:9-27:8-28:7-22:6-20:5-29:5-31:5-32:5-14:4-24:4-39:4-26:3-40:3-41:3-15:2-18:2-34:2-35:2-37:2-45:2-46:2-47:2-21:1-25:1-36:1-38:1-42:1-43:1-44:1-48:1', 'n_clusters': 13, 'q_proj': 0.25, 'k_qs': 292, 'beta_qs': 0.9}}: 
AECHO1_2020|speedup/data/src_dst/iat_size-header_False/AECHO1_2020/Xy-normal-abnormal.dat, Nystrom-QS-init_GMM(diag), X_train_shape: (5000-51)|(X_val_shape: (600-51)), X_test_shape: (600-51), iat_size(auc: 0.8208+/-0.1262,train_time: 1.84401+/-0.04694,test_time: 0.00556+/-0.00037), => aucs:0.9266666666666665-0.718888888888889-0.9440333333333333-0.8892888888888889-0.6253444444444444, train_times:1.867437032982707-1.8729551620781422-1.8651405945420265-1.8641821667551994-1.7503203488886356, test_times:0.005126432050019503-0.005688148830085993-0.0054289701394736765-0.006203721649944783-0.005328472703695297, n_comp: 14.20+/-0.40, 15-14-14-14-14, space_sizes: 5750-5740-5740-5740-5740,tot_clusters:42.20+/-4.71, 45-50-39-37-40,n_clusters: 14.20+/-0.40, 15-14-14-14-14, with params: {'model_name': 'Nystrom-QS-init_GMM(diag)', 'train_size': 5000, 'detector_name': 'GMM', 'GMM_covariance_type': 'diag', 'GMM_is_init_all': True, 'is_gs': False, 'before_proj': False, 'after_proj': True, 'is_std': False, 'is_std_mean': False, 'is_kjl': False, 'kjl_d': 5, 'is_nystrom': True, 'is_quickshift': True, 'is_meanshift': False, 'random_state': 42, 'n_repeats': 5, 'verbose': 10, 'overwrite': False, 'n_jobs': 0, 'out_dir': 'speedup/out/kjl_serial_ind_32_threads-cProfile_perf_counter-20times-5', 'nystrom_n': 100, 'nystrom_d': 5, 'nystrom_q': 0.25, 'quickshift_k': 292, 'quickshift_beta': 0.9, 'GMM_n_components': 14, 'qs_res': {'tot_clusters': '3:1314-2:481-1:423-0:395-9:385-13:324-5:323-7:297-12:292-6:246-10:122-4:86-8:60-16:56-11:35-20:33-14:19-18:15-15:14-24:13-25:13-17:9-19:8-21:8-23:5-27:4-31:4-26:2-29:2-34:2-22:1-28:1-30:1-32:1-33:1-35:1-36:1-37:1-38:1-39:1', 'n_clusters': 14, 'q_proj': 0.25, 'k_qs': 292, 'beta_qs': 0.9}}: 
DWSHR_WSHR_2020|speedup/data/src_dst/iat_size-header_False/DWSHR_WSHR_2020/Xy-normal-abnormal.dat, Nystrom-QS-init_GMM(diag), X_train_shape: (5000-21)|(X_val_shape: (600-21)), X_test_shape: (600-21), iat_size(auc: 0.6163+/-0.0175,train_time: 1.92885+/-0.04079,test_time: 0.00609+/-0.00098), => aucs:0.6389999999999999-0.6041666666666665-0.5892277777777778-0.6258777777777778-0.6230944444444444, train_times:1.8858945351094007-1.9497636202722788-1.990470802411437-1.882075035944581-1.936038950458169, test_times:0.006277365237474441-0.007766225934028625-0.0051393391564488414-0.006174517050385475-0.005069883819669485, n_comp: 18.80+/-1.17, 18-19-20-20-17, space_sizes: 2780-2790-2800-2800-2770,tot_clusters:50.60+/-3.26, 51-48-55-53-46,n_clusters: 18.80+/-1.17, 18-19-20-20-17, with params: {'model_name': 'Nystrom-QS-init_GMM(diag)', 'train_size': 5000, 'detector_name': 'GMM', 'GMM_covariance_type': 'diag', 'GMM_is_init_all': True, 'is_gs': False, 'before_proj': False, 'after_proj': True, 'is_std': False, 'is_std_mean': False, 'is_kjl': False, 'kjl_d': 5, 'is_nystrom': True, 'is_quickshift': True, 'is_meanshift': False, 'random_state': 42, 'n_repeats': 5, 'verbose': 10, 'overwrite': False, 'n_jobs': 0, 'out_dir': 'speedup/out/kjl_serial_ind_32_threads-cProfile_perf_counter-20times-5', 'nystrom_n': 100, 'nystrom_d': 5, 'nystrom_q': 0.25, 'quickshift_k': 292, 'quickshift_beta': 0.9, 'GMM_n_components': 17, 'qs_res': {'tot_clusters': '7:813-8:523-11:419-2:401-6:396-5:395-3:390-1:363-4:325-14:321-9:105-16:82-17:72-18:51-15:43-0:41-22:39-19:38-21:34-10:20-30:18-23:17-13:13-29:13-28:12-26:9-32:6-33:6-12:5-27:5-24:4-42:3-25:2-31:2-35:2-37:2-20:1-34:1-36:1-38:1-39:1-40:1-41:1-43:1-44:1-45:1', 'n_clusters': 17, 'q_proj': 0.25, 'k_qs': 292, 'beta_qs': 0.9}}: 
