UNB345_3|, OCSVM(rbf), X_train_shape: X_train_shape:(5000-)|(X_val_shape: ), X_test_shape: (600-42), stats(auc: 0.6170+/-0.0033,train_time: 0.00000+/-0.00000,test_time: 0.42311+/-0.00175), => aucs:0.6160666666666667-0.6171500000000002-0.6212555555555554-0.6190444444444445-0.6112833333333333, train_times:0-0-0-0-0, test_times:0.423189116071444-0.42217182244639845-0.4203570525976829-0.4253553966875188-0.42447895439108835, n_comp: -, -, space_sizes: |model_spaces: 874.002-876.066-875.034-881.914-881.57,tot_clusters:0, 0,n_clusters: 0, 0, with params: {}: 
UNB345_3|, KJL-OCSVM(linear), X_train_shape: X_train_shape:(5000-)|(X_val_shape: ), X_test_shape: (600-42), stats(auc: 0.5690+/-0.0712,train_time: 0.00000+/-0.00000,test_time: 0.05936+/-0.00071), => aucs:0.4982333333333333-0.6826166666666665-0.5512999999999998-0.6145222222222222-0.49816666666666654, train_times:0-0-0-0-0, test_times:0.058700748055707665-0.05912595943082124-0.06056501492857933-0.0597096168086864-0.058678078930824995, n_comp: -, -, space_sizes: |model_spaces: 158.461-158.461-161.821-160.285-158.461,tot_clusters:0, 0,n_clusters: 0, 0, with params: {}: 
UNB345_3|, Nystrom-OCSVM(linear), X_train_shape: X_train_shape:(5000-)|(X_val_shape: ), X_test_shape: (600-42), stats(auc: 0.3982+/-0.0791,train_time: 0.00000+/-0.00000,test_time: 0.05904+/-0.00049), => aucs:0.3944277777777777-0.28086666666666665-0.35426666666666673-0.4495944444444445-0.5117555555555556, train_times:0-0-0-0-0, test_times:0.059189623536076395-0.05813713013194501-0.05945582597050816-0.05893431899603456-0.0594607695704326, n_comp: -, -, space_sizes: |model_spaces: 158.521-158.521-158.665-158.617-158.665,tot_clusters:0, 0,n_clusters: 0, 0, with params: {}: 
UNB345_3|, KJL-GMM(diag), X_train_shape: X_train_shape:(5000-)|(X_val_shape: ), X_test_shape: (600-42), stats(auc: 0.8362+/-0.0153,train_time: 0.00000+/-0.00000,test_time: 0.01591+/-0.00043), => aucs:0.8498666666666667-0.8492166666666666-0.8397333333333334-0.8340777777777776-0.8079166666666667, train_times:0-0-0-0-0, test_times:0.016226978192571552-0.01553150216350332-0.016589793551247567-0.0157477960921824-0.015453201602213085, n_comp: -, -, space_sizes: |model_spaces: 39.529-38.819-40.057-38.819-38.819,tot_clusters:0, 0,n_clusters: 0, 0, with params: {}: 
UNB345_3|, Nystrom-GMM(diag), X_train_shape: X_train_shape:(5000-)|(X_val_shape: ), X_test_shape: (600-42), stats(auc: 0.8859+/-0.0045,train_time: 0.00000+/-0.00000,test_time: 0.01590+/-0.00041), => aucs:0.8894111111111112-0.8928888888888888-0.8810388888888887-0.882688888888889-0.8835444444444445, train_times:0-0-0-0-0, test_times:0.01581369068007916-0.016447758465074003-0.016014481789898127-0.015192871121689678-0.01602008534828201, n_comp: -, -, space_sizes: |model_spaces: 39.189-39.893-39.541-38.391-39.541,tot_clusters:0, 0,n_clusters: 0, 0, with params: {}: 
UNB345_3|, KJL-QS-GMM(diag), X_train, X_test, auc, train, test, => aucs:, train_times:, test_times:, n_comp:, , space_sizes: |model_spaces: ,tot_clusters:, ,n_clusters: , , with params: : 
UNB345_3|, Nystrom-QS-GMM(diag), X_train, X_test, auc, train, test, => aucs:, train_times:, test_times:, n_comp:, , space_sizes: |model_spaces: ,tot_clusters:, ,n_clusters: , , with params: : 
UNB345_3|, KJL-QS-init_GMM(diag), X_train_shape: X_train_shape:(5000-)|(X_val_shape: ), X_test_shape: (600-42), stats(auc: 0.8250+/-0.0299,train_time: 0.00000+/-0.00000,test_time: 0.01663+/-0.00014), => aucs:0.7743333333333333-0.8327277777777778-0.829866666666667-0.8675222222222224-0.8206833333333334, train_times:0-0-0-0-0, test_times:0.016598770150449128-0.016585762484464795-0.016527799400500955-0.016902679263148458-0.01653009981382638, n_comp: -, -, space_sizes: |model_spaces: 40.057-40.057-40.057-40.057-40.057,tot_clusters:0, 0,n_clusters: 0, 0, with params: {}: 
UNB345_3|, Nystrom-QS-init_GMM(diag), X_train_shape: X_train_shape:(5000-)|(X_val_shape: ), X_test_shape: (600-42), stats(auc: 0.8685+/-0.0159,train_time: 0.00000+/-0.00000,test_time: 0.01651+/-0.00013), => aucs:0.8728-0.8702666666666665-0.8944222222222221-0.8579444444444444-0.8471, train_times:0-0-0-0-0, test_times:0.016518333822023123-0.016485247353557497-0.016736603307072072-0.016392747592180967-0.016397329908795655, n_comp: -, -, space_sizes: |model_spaces: 40.069-40.069-40.069-40.069-40.069,tot_clusters:0, 0,n_clusters: 0, 0, with params: {}: 
CTU1|, OCSVM(rbf), X_train_shape: X_train_shape:(5000-)|(X_val_shape: ), X_test_shape: (600-30), stats(auc: 0.5999+/-0.0111,train_time: 0.00000+/-0.00000,test_time: 0.39796+/-0.01298), => aucs:0.610588888888889-0.5915222222222223-0.582911111111111-0.6032777777777779-0.6111777777777777, train_times:0-0-0-0-0, test_times:0.3824723635450937-0.41049162674462425-0.41317298469366504-0.40017439326038584-0.38347703041508796, n_comp: -, -, space_sizes: |model_spaces: 620.586-623.066-623.562-620.834-620.834,tot_clusters:0, 0,n_clusters: 0, 0, with params: {}: 
CTU1|, KJL-OCSVM(linear), X_train_shape: X_train_shape:(5000-)|(X_val_shape: ), X_test_shape: (600-30), stats(auc: 0.5413+/-0.0201,train_time: 0.00000+/-0.00000,test_time: 0.05811+/-0.00043), => aucs:0.5453777777777779-0.5338555555555556-0.5070888888888889-0.5540555555555555-0.5659444444444443, train_times:0-0-0-0-0, test_times:0.05796169302193448-0.05880217088852078-0.058379851758945736-0.05778176203602925-0.057633774797432126, n_comp: -, -, space_sizes: |model_spaces: 148.909-148.957-148.909-148.909-148.909,tot_clusters:0, 0,n_clusters: 0, 0, with params: {}: 
CTU1|, Nystrom-OCSVM(linear), X_train_shape: X_train_shape:(5000-)|(X_val_shape: ), X_test_shape: (600-30), stats(auc: 0.6140+/-0.0087,train_time: 0.00000+/-0.00000,test_time: 0.05783+/-0.00025), => aucs:0.6105777777777777-0.6106777777777778-0.6310444444444446-0.606511111111111-0.6111666666666664, train_times:0-0-0-0-0, test_times:0.05763351540081203-0.057701040559913964-0.05810734999831766-0.0581704419455491-0.057557087717577816, n_comp: -, -, space_sizes: |model_spaces: 148.873-148.921-148.969-148.969-148.921,tot_clusters:0, 0,n_clusters: 0, 0, with params: {}: 
CTU1|, KJL-GMM(diag), X_train_shape: X_train_shape:(5000-)|(X_val_shape: ), X_test_shape: (600-30), stats(auc: 0.6972+/-0.0519,train_time: 0.00000+/-0.00000,test_time: 0.01511+/-0.00020), => aucs:0.7578333333333336-0.7472111111111113-0.6437666666666666-0.706088888888889-0.6313222222222221, train_times:0-0-0-0-0, test_times:0.014984942285809665-0.015158249367959797-0.015330734441522508-0.014774266839958727-0.0152814146829769, n_comp: -, -, space_sizes: |model_spaces: 28.779-29.043-29.753-28.779-29.043,tot_clusters:0, 0,n_clusters: 0, 0, with params: {}: 
CTU1|, Nystrom-GMM(diag), X_train_shape: X_train_shape:(5000-)|(X_val_shape: ), X_test_shape: (600-30), stats(auc: 0.7117+/-0.0439,train_time: 0.00000+/-0.00000,test_time: 0.01508+/-0.00025), => aucs:0.6916555555555556-0.6848555555555557-0.6904666666666668-0.7994222222222224-0.692011111111111, train_times:0-0-0-0-0, test_times:0.014907215419225395-0.014762385876383632-0.014990753552410752-0.015325845940969885-0.015409990167245268, n_comp: -, -, space_sizes: |model_spaces: 29.055-29.413-29.589-29.231-29.231,tot_clusters:0, 0,n_clusters: 0, 0, with params: {}: 
CTU1|, KJL-QS-GMM(diag), X_train, X_test, auc, train, test, => aucs:, train_times:, test_times:, n_comp:, , space_sizes: |model_spaces: ,tot_clusters:, ,n_clusters: , , with params: : 
CTU1|, Nystrom-QS-GMM(diag), X_train, X_test, auc, train, test, => aucs:, train_times:, test_times:, n_comp:, , space_sizes: |model_spaces: ,tot_clusters:, ,n_clusters: , , with params: : 
CTU1|, KJL-QS-init_GMM(diag), X_train_shape: X_train_shape:(5000-)|(X_val_shape: ), X_test_shape: (600-30), stats(auc: 0.6578+/-0.0903,train_time: 0.00000+/-0.00000,test_time: 0.01509+/-0.00039), => aucs:0.8325888888888888-0.6441222222222224-0.6339111111111111-0.5933333333333334-0.5849555555555557, train_times:0-0-0-0-0, test_times:0.015334183268714696-0.015164912899490447-0.014317727996967733-0.01532909277593717-0.015301502600777894, n_comp: -, -, space_sizes: |model_spaces: 29.043-29.131-29.219-29.131-29.131,tot_clusters:0, 0,n_clusters: 0, 0, with params: {}: 
CTU1|, Nystrom-QS-init_GMM(diag), X_train_shape: X_train_shape:(5000-)|(X_val_shape: ), X_test_shape: (600-30), stats(auc: 0.6855+/-0.0321,train_time: 0.00000+/-0.00000,test_time: 0.01555+/-0.00007), => aucs:0.6276111111111112-0.6940777777777779-0.7183277777777779-0.7097277777777776-0.6777444444444445, train_times:0-0-0-0-0, test_times:0.01563419020967558-0.015561296895612031-0.015556549665052443-0.015409023582469672-0.015565031138248742, n_comp: -, -, space_sizes: |model_spaces: 29.413-29.325-29.325-29.231-29.325,tot_clusters:0, 0,n_clusters: 0, 0, with params: {}: 
MAWI1_2020|, OCSVM(rbf), X_train_shape: X_train_shape:(5000-)|(X_val_shape: ), X_test_shape: (600-79), stats(auc: 0.9977+/-0.0047,train_time: 0.00000+/-0.00000,test_time: 0.44056+/-0.00361), => aucs:1.0-0.9999777777777782-0.9883333333333335-1.0-0.9999666666666664, train_times:0-0-0-0-0, test_times:0.4419720305479132-0.44222681497922167-0.4333453281549737-0.4426769424462691-0.4425603258307092, n_comp: -, -, space_sizes: |model_spaces: 1601.226-1601.226-1601.866-1601.226-1601.226,tot_clusters:0, 0,n_clusters: 0, 0, with params: {}: 
MAWI1_2020|, KJL-OCSVM(linear), X_train_shape: X_train_shape:(5000-)|(X_val_shape: ), X_test_shape: (600-79), stats(auc: 0.9199+/-0.0246,train_time: 0.00000+/-0.00000,test_time: 0.06039+/-0.00007), => aucs:0.9044999999999999-0.9536111111111112-0.9455999999999998-0.8997444444444443-0.895888888888889, train_times:0-0-0-0-0, test_times:0.06048418516293168-0.06045332120265812-0.06037650087382644-0.060378806106746195-0.06027712941868231, n_comp: -, -, space_sizes: |model_spaces: 188.061-188.061-188.061-188.061-188.061,tot_clusters:0, 0,n_clusters: 0, 0, with params: {}: 
MAWI1_2020|, Nystrom-OCSVM(linear), X_train_shape: X_train_shape:(5000-)|(X_val_shape: ), X_test_shape: (600-79), stats(auc: 0.9957+/-0.0005,train_time: 0.00000+/-0.00000,test_time: 0.06011+/-0.00050), => aucs:0.9964888888888886-0.9960444444444443-0.9955444444444443-0.9953000000000001-0.9949777777777777, train_times:0-0-0-0-0, test_times:0.06057453219546005-0.06036821043817327-0.06058556508505717-0.059489344514440747-0.05951754107372835, n_comp: -, -, space_sizes: |model_spaces: 188.073-188.073-188.073-188.073-188.121,tot_clusters:0, 0,n_clusters: 0, 0, with params: {}: 
MAWI1_2020|, KJL-GMM(diag), X_train_shape: X_train_shape:(5000-)|(X_val_shape: ), X_test_shape: (600-79), stats(auc: 0.9649+/-0.0121,train_time: 0.00000+/-0.00000,test_time: 0.01706+/-0.00077), => aucs:0.9699999999999998-0.981811111111111-0.9563555555555553-0.9695666666666665-0.9468444444444446, train_times:0-0-0-0-0, test_times:0.01701478152535856-0.01591271449578926-0.018007341923657806-0.01656511452747509-0.017776279209647326, n_comp: -, -, space_sizes: |model_spaces: 68.419-67.979-69.657-69.481-69.657,tot_clusters:0, 0,n_clusters: 0, 0, with params: {}: 
MAWI1_2020|, Nystrom-GMM(diag), X_train_shape: X_train_shape:(5000-)|(X_val_shape: ), X_test_shape: (600-79), stats(auc: 0.9720+/-0.0121,train_time: 0.00000+/-0.00000,test_time: 0.01661+/-0.00110), => aucs:0.9867333333333332-0.9625888888888887-0.9804999999999999-0.9537333333333331-0.9766888888888886, train_times:0-0-0-0-0, test_times:0.016024481237400322-0.017507331690285354-0.01752912316005677-0.014706964429933578-0.017259892146103083, n_comp: -, -, space_sizes: |model_spaces: 67.991-69.317-69.141-67.991-69.493,tot_clusters:0, 0,n_clusters: 0, 0, with params: {}: 
MAWI1_2020|, KJL-QS-GMM(diag), X_train, X_test, auc, train, test, => aucs:, train_times:, test_times:, n_comp:, , space_sizes: |model_spaces: ,tot_clusters:, ,n_clusters: , , with params: : 
MAWI1_2020|, Nystrom-QS-GMM(diag), X_train, X_test, auc, train, test, => aucs:, train_times:, test_times:, n_comp:, , space_sizes: |model_spaces: ,tot_clusters:, ,n_clusters: , , with params: : 
MAWI1_2020|, KJL-QS-init_GMM(diag), X_train_shape: X_train_shape:(5000-)|(X_val_shape: ), X_test_shape: (600-79), stats(auc: 0.8863+/-0.0345,train_time: 0.00000+/-0.00000,test_time: 0.01643+/-0.00042), => aucs:0.8412000000000001-0.8606333333333331-0.8811000000000002-0.9375444444444444-0.9108666666666668, train_times:0-0-0-0-0, test_times:0.01671418300829828-0.01659519652603194-0.01668456132756546-0.015590622532181441-0.016572520299814642, n_comp: -, -, space_sizes: |model_spaces: 68.243-68.243-68.243-68.331-68.331,tot_clusters:0, 0,n_clusters: 0, 0, with params: {}: 
MAWI1_2020|, Nystrom-QS-init_GMM(diag), X_train_shape: X_train_shape:(5000-)|(X_val_shape: ), X_test_shape: (600-79), stats(auc: 0.9448+/-0.0223,train_time: 0.00000+/-0.00000,test_time: 0.01653+/-0.00062), => aucs:0.953811111111111-0.908422222222222-0.9736222222222223-0.9326777777777776-0.9554555555555556, train_times:0-0-0-0-0, test_times:0.016741621016990393-0.01753282544668764-0.01637178366072476-0.01563333539525047-0.01637413918506354, n_comp: -, -, space_sizes: |model_spaces: 68.343-69.141-68.343-68.343-68.343,tot_clusters:0, 0,n_clusters: 0, 0, with params: {}: 
MACCDC1|, OCSVM(rbf), X_train_shape: X_train_shape:(5000-)|(X_val_shape: ), X_test_shape: (600-31), stats(auc: 0.7402+/-0.0347,train_time: 0.00000+/-0.00000,test_time: 0.38316+/-0.00823), => aucs:0.7559333333333332-0.7586444444444445-0.7565333333333333-0.7589555555555557-0.6707444444444446, train_times:0-0-0-0-0, test_times:0.378498268162366-0.37913636668818074-0.3792067883652635-0.37937344637466597-0.3996041674050502, n_comp: -, -, space_sizes: |model_spaces: 640.842-640.586-640.586-640.586-640.842,tot_clusters:0, 0,n_clusters: 0, 0, with params: {}: 
MACCDC1|, KJL-OCSVM(linear), X_train_shape: X_train_shape:(5000-)|(X_val_shape: ), X_test_shape: (600-31), stats(auc: 0.5865+/-0.0706,train_time: 0.00000+/-0.00000,test_time: 0.05971+/-0.00021), => aucs:0.5839277777777776-0.5950722222222223-0.5142888888888888-0.7129888888888889-0.5259888888888891, train_times:0-0-0-0-0, test_times:0.059906841209158304-0.059721350588370116-0.0596898174029775-0.0598925695172511-0.05932577156927436, n_comp: -, -, space_sizes: |model_spaces: 149.661-149.709-149.901-149.661-149.661,tot_clusters:0, 0,n_clusters: 0, 0, with params: {}: 
MACCDC1|, Nystrom-OCSVM(linear), X_train_shape: X_train_shape:(5000-)|(X_val_shape: ), X_test_shape: (600-31), stats(auc: 0.7408+/-0.0334,train_time: 0.00000+/-0.00000,test_time: 0.05861+/-0.00020), => aucs:0.755911111111111-0.7586444444444445-0.756522222222222-0.7589555555555557-0.6741222222222222, train_times:0-0-0-0-0, test_times:0.0584979728795588-0.05856091829482466-0.05844529035966843-0.05855198709759861-0.05900063037406653, n_comp: -, -, space_sizes: |model_spaces: 149.721-149.673-149.673-149.673-149.673,tot_clusters:0, 0,n_clusters: 0, 0, with params: {}: 
MACCDC1|, KJL-GMM(diag), X_train_shape: X_train_shape:(5000-)|(X_val_shape: ), X_test_shape: (600-31), stats(auc: 0.8301+/-0.0428,train_time: 0.00000+/-0.00000,test_time: 0.01546+/-0.00047), => aucs:0.8396000000000002-0.8755777777777778-0.8560111111111113-0.7506333333333334-0.8286111111111113, train_times:0-0-0-0-0, test_times:0.015328649326693266-0.0163876487291418-0.015132247505243867-0.015354714903514833-0.015121213381644339, n_comp: -, -, space_sizes: |model_spaces: 30.019-31.081-30.201-29.843-29.843,tot_clusters:0, 0,n_clusters: 0, 0, with params: {}: 
MACCDC1|, Nystrom-GMM(diag), X_train_shape: X_train_shape:(5000-)|(X_val_shape: ), X_test_shape: (600-31), stats(auc: 0.8011+/-0.0143,train_time: 0.00000+/-0.00000,test_time: 0.01521+/-0.00011), => aucs:0.7949722222222222-0.8150666666666666-0.7789444444444446-0.7982555555555557-0.8180777777777777, train_times:0-0-0-0-0, test_times:0.0153622736223042-0.015147340425755829-0.01528870101319626-0.015196809964254498-0.015057474852073937, n_comp: -, -, space_sizes: |model_spaces: 29.855-30.741-29.855-30.565-29.855,tot_clusters:0, 0,n_clusters: 0, 0, with params: {}: 
MACCDC1|, KJL-QS-GMM(diag), X_train, X_test, auc, train, test, => aucs:, train_times:, test_times:, n_comp:, , space_sizes: |model_spaces: ,tot_clusters:, ,n_clusters: , , with params: : 
MACCDC1|, Nystrom-QS-GMM(diag), X_train, X_test, auc, train, test, => aucs:, train_times:, test_times:, n_comp:, , space_sizes: |model_spaces: ,tot_clusters:, ,n_clusters: , , with params: : 
MACCDC1|, KJL-QS-init_GMM(diag), X_train_shape: X_train_shape:(5000-)|(X_val_shape: ), X_test_shape: (600-31), stats(auc: 0.8178+/-0.0391,train_time: 0.00000+/-0.00000,test_time: 0.01540+/-0.00009), => aucs:0.7636444444444446-0.8464333333333334-0.7805555555555554-0.8331-0.8654666666666667, train_times:0-0-0-0-0, test_times:0.01540857587242499-0.015496378391981125-0.015486065240111202-0.015278552554082125-0.015320602641440927, n_comp: -, -, space_sizes: |model_spaces: 30.201-29.931-30.113-30.019-30.019,tot_clusters:0, 0,n_clusters: 0, 0, with params: {}: 
MACCDC1|, Nystrom-QS-init_GMM(diag), X_train_shape: X_train_shape:(5000-)|(X_val_shape: ), X_test_shape: (600-31), stats(auc: 0.5484+/-0.1029,train_time: 0.00000+/-0.00000,test_time: 0.01563+/-0.00032), => aucs:0.7295222222222223-0.529788888888889-0.5485-0.5244555555555553-0.4096, train_times:0-0-0-0-0, test_times:0.015553210338111967-0.015712093701586126-0.015891721961088477-0.015957860683556646-0.015048861829563975, n_comp: -, -, space_sizes: |model_spaces: 30.213-30.213-30.389-30.477-30.125,tot_clusters:0, 0,n_clusters: 0, 0, with params: {}: 
SFRIG1_2020|, OCSVM(rbf), X_train_shape: X_train_shape:(5000-)|(X_val_shape: ), X_test_shape: (600-30), stats(auc: 0.9240+/-0.0068,train_time: 0.00000+/-0.00000,test_time: 0.40310+/-0.00164), => aucs:0.9349055555555555-0.9288500000000001-0.9169333333333333-0.9197888888888889-0.9193555555555554, train_times:0-0-0-0-0, test_times:0.4005903462762944-0.40244191110832617-0.40427322366740553-0.4028068936895579-0.4053865915862843, n_comp: -, -, space_sizes: |model_spaces: 621.33-621.826-621.578-621.33-621.578,tot_clusters:0, 0,n_clusters: 0, 0, with params: {}: 
SFRIG1_2020|, KJL-OCSVM(linear), X_train_shape: X_train_shape:(5000-)|(X_val_shape: ), X_test_shape: (600-30), stats(auc: 0.8221+/-0.0036,train_time: 0.00000+/-0.00000,test_time: 0.05865+/-0.00005), => aucs:0.8279166666666666-0.8211611111111111-0.8167611111111113-0.8230944444444445-0.8214833333333335, train_times:0-0-0-0-0, test_times:0.05869581495644525-0.058601988095324485-0.058607694914098826-0.05873384018195793-0.05863557233242318, n_comp: -, -, space_sizes: |model_spaces: 148.861-148.861-148.861-148.861-148.861,tot_clusters:0, 0,n_clusters: 0, 0, with params: {}: 
SFRIG1_2020|, Nystrom-OCSVM(linear), X_train_shape: X_train_shape:(5000-)|(X_val_shape: ), X_test_shape: (600-30), stats(auc: 0.8654+/-0.0052,train_time: 0.00000+/-0.00000,test_time: 0.05936+/-0.00011), => aucs:0.8695722222222221-0.8619722222222223-0.8677166666666667-0.8569333333333334-0.8708055555555555, train_times:0-0-0-0-0, test_times:0.05946132077369839-0.05946835505310446-0.05917256387183443-0.05937320397933945-0.05933497234946117, n_comp: -, -, space_sizes: |model_spaces: 148.969-148.969-148.873-149.065-149.017,tot_clusters:0, 0,n_clusters: 0, 0, with params: {}: 
SFRIG1_2020|, KJL-GMM(diag), X_train_shape: X_train_shape:(5000-)|(X_val_shape: ), X_test_shape: (600-30), stats(auc: 0.8942+/-0.0097,train_time: 0.00000+/-0.00000,test_time: 0.01552+/-0.00020), => aucs:0.9074833333333334-0.8814388888888887-0.8888944444444441-0.903161111111111-0.88995, train_times:0-0-0-0-0, test_times:0.015411546709947288-0.015450848371256144-0.015246447350364178-0.01581412013620138-0.015663354250136763, n_comp: -, -, space_sizes: |model_spaces: 29.929-29.577-29.401-30.457-30.457,tot_clusters:0, 0,n_clusters: 0, 0, with params: {}: 
SFRIG1_2020|, Nystrom-GMM(diag), X_train_shape: X_train_shape:(5000-)|(X_val_shape: ), X_test_shape: (600-30), stats(auc: 0.9092+/-0.0132,train_time: 0.00000+/-0.00000,test_time: 0.01539+/-0.00031), => aucs:0.9189166666666667-0.9244277777777778-0.8889722222222222-0.9146944444444444-0.89915, train_times:0-0-0-0-0, test_times:0.015194014471489936-0.014886229124385864-0.015514967730268836-0.015711842849850655-0.015654225123580546, n_comp: -, -, space_sizes: |model_spaces: 29.765-29.589-30.293-30.469-30.293,tot_clusters:0, 0,n_clusters: 0, 0, with params: {}: 
SFRIG1_2020|, KJL-QS-GMM(diag), X_train, X_test, auc, train, test, => aucs:, train_times:, test_times:, n_comp:, , space_sizes: |model_spaces: ,tot_clusters:, ,n_clusters: , , with params: : 
SFRIG1_2020|, Nystrom-QS-GMM(diag), X_train, X_test, auc, train, test, => aucs:, train_times:, test_times:, n_comp:, , space_sizes: |model_spaces: ,tot_clusters:, ,n_clusters: , , with params: : 
SFRIG1_2020|, KJL-QS-init_GMM(diag), X_train_shape: X_train_shape:(5000-)|(X_val_shape: ), X_test_shape: (600-30), stats(auc: 0.8375+/-0.0108,train_time: 0.00000+/-0.00000,test_time: 0.01538+/-0.00007), => aucs:0.8528055555555556-0.8208166666666669-0.8447388888888888-0.8352611111111111-0.834061111111111, train_times:0-0-0-0-0, test_times:0.015499412163626403-0.015350836666766555-0.015294888929929584-0.015341030503623187-0.015389916393905878, n_comp: -, -, space_sizes: |model_spaces: 30.105-30.017-30.017-30.105-30.105,tot_clusters:0, 0,n_clusters: 0, 0, with params: {}: 
SFRIG1_2020|, Nystrom-QS-init_GMM(diag), X_train_shape: X_train_shape:(5000-)|(X_val_shape: ), X_test_shape: (600-30), stats(auc: 0.8992+/-0.0037,train_time: 0.00000+/-0.00000,test_time: 0.01535+/-0.00007), => aucs:0.904672222222222-0.8965722222222222-0.8940833333333333-0.9012611111111111-0.8993166666666668, train_times:0-0-0-0-0, test_times:0.015443441516254097-0.01524798454483971-0.015423909539822488-0.015307306637987494-0.015330390573944896, n_comp: -, -, space_sizes: |model_spaces: 30.117-30.117-30.205-30.205-30.205,tot_clusters:0, 0,n_clusters: 0, 0, with params: {}: 
AECHO1_2020|, OCSVM(rbf), X_train_shape: X_train_shape:(5000-)|(X_val_shape: ), X_test_shape: (600-44), stats(auc: 0.9688+/-0.0015,train_time: 0.00000+/-0.00000,test_time: 0.41684+/-0.00066), => aucs:0.9706444444444446-0.9704666666666666-0.9685555555555553-0.9672055555555555-0.9673222222222222, train_times:0-0-0-0-0, test_times:0.4173545454745181-0.41756495154695583-0.4156512607005425-0.416768810688518-0.41683825162472204, n_comp: -, -, space_sizes: |model_spaces: 903.106-901.306-902.746-903.466-901.666,tot_clusters:0, 0,n_clusters: 0, 0, with params: {}: 
AECHO1_2020|, KJL-OCSVM(linear), X_train_shape: X_train_shape:(5000-)|(X_val_shape: ), X_test_shape: (600-44), stats(auc: 0.9206+/-0.0056,train_time: 0.00000+/-0.00000,test_time: 0.05890+/-0.00008), => aucs:0.9177555555555555-0.9193999999999999-0.9176555555555556-0.9316333333333334-0.9163555555555554, train_times:0-0-0-0-0, test_times:0.05898632254684344-0.058879508927930146-0.058876773272641-0.058765899296849965-0.05899860408389941, n_comp: -, -, space_sizes: |model_spaces: 160.061-160.061-160.061-160.061-160.061,tot_clusters:0, 0,n_clusters: 0, 0, with params: {}: 
AECHO1_2020|, Nystrom-OCSVM(linear), X_train_shape: X_train_shape:(5000-)|(X_val_shape: ), X_test_shape: (600-44), stats(auc: 0.9507+/-0.0016,train_time: 0.00000+/-0.00000,test_time: 0.05960+/-0.00013), => aucs:0.9480444444444446-0.9526666666666666-0.9505944444444445-0.9501888888888889-0.9521111111111112, train_times:0-0-0-0-0, test_times:0.05949017534730956-0.05972099135397002-0.059447994851507244-0.05956554493168369-0.059799722337629646, n_comp: -, -, space_sizes: |model_spaces: 160.121-160.169-160.073-160.121-160.121,tot_clusters:0, 0,n_clusters: 0, 0, with params: {}: 
AECHO1_2020|, KJL-GMM(diag), X_train_shape: X_train_shape:(5000-)|(X_val_shape: ), X_test_shape: (600-44), stats(auc: 0.9824+/-0.0045,train_time: 0.00000+/-0.00000,test_time: 0.01540+/-0.00076), => aucs:0.9775777777777778-0.9872888888888885-0.9858000000000002-0.9763999999999996-0.9850888888888889, train_times:0-0-0-0-0, test_times:0.016816896630916744-0.015583874750882387-0.014774265908636152-0.01493697395781055-0.014907616237178446, n_comp: -, -, space_sizes: |model_spaces: 41.657-41.305-40.419-40.601-40.419,tot_clusters:0, 0,n_clusters: 0, 0, with params: {}: 
AECHO1_2020|, Nystrom-GMM(diag), X_train_shape: X_train_shape:(5000-)|(X_val_shape: ), X_test_shape: (600-44), stats(auc: 0.9771+/-0.0052,train_time: 0.00000+/-0.00000,test_time: 0.01616+/-0.00069), => aucs:0.9688333333333332-0.9849444444444444-0.9765555555555556-0.9764777777777779-0.9787000000000001, train_times:0-0-0-0-0, test_times:0.01665063069667667-0.014927061251364648-0.01664440518943593-0.016687492874916644-0.015877683949656784, n_comp: -, -, space_sizes: |model_spaces: 41.669-40.613-41.669-41.669-40.789,tot_clusters:0, 0,n_clusters: 0, 0, with params: {}: 
AECHO1_2020|, KJL-QS-GMM(diag), X_train, X_test, auc, train, test, => aucs:, train_times:, test_times:, n_comp:, , space_sizes: |model_spaces: ,tot_clusters:, ,n_clusters: , , with params: : 
AECHO1_2020|, Nystrom-QS-GMM(diag), X_train, X_test, auc, train, test, => aucs:, train_times:, test_times:, n_comp:, , space_sizes: |model_spaces: ,tot_clusters:, ,n_clusters: , , with params: : 
AECHO1_2020|, KJL-QS-init_GMM(diag), X_train_shape: X_train_shape:(5000-)|(X_val_shape: ), X_test_shape: (600-44), stats(auc: 0.9081+/-0.0222,train_time: 0.00000+/-0.00000,test_time: 0.01540+/-0.00027), => aucs:0.8912222222222222-0.9334999999999998-0.9048333333333332-0.9329000000000001-0.8779222222222222, train_times:0-0-0-0-0, test_times:0.015295719320420176-0.015302219334989786-0.015206055215094239-0.015248990373220295-0.015925934014376253, n_comp: -, -, space_sizes: |model_spaces: 40.865-40.953-40.953-40.865-40.865,tot_clusters:0, 0,n_clusters: 0, 0, with params: {}: 
AECHO1_2020|, Nystrom-QS-init_GMM(diag), X_train_shape: X_train_shape:(5000-)|(X_val_shape: ), X_test_shape: (600-44), stats(auc: 0.9766+/-0.0046,train_time: 0.00000+/-0.00000,test_time: 0.01559+/-0.00027), => aucs:0.9736777777777776-0.9833222222222219-0.9744333333333334-0.9709999999999999-0.9806888888888888, train_times:0-0-0-0-0, test_times:0.015501641400624067-0.015486685477662831-0.015181288577150554-0.01583097381517291-0.015950217354111375, n_comp: -, -, space_sizes: |model_spaces: 41.141-41.141-40.965-40.789-40.965,tot_clusters:0, 0,n_clusters: 0, 0, with params: {}: 
DWSHR_WSHR_2020|, OCSVM(rbf), X_train_shape: X_train_shape:(5000-)|(X_val_shape: ), X_test_shape: (600-29), stats(auc: 0.6422+/-0.0023,train_time: 0.00000+/-0.00000,test_time: 0.40462+/-0.00120), => aucs:0.6462833333333332-0.6404888888888889-0.6429388888888888-0.6399388888888888-0.6415055555555556, train_times:0-0-0-0-0, test_times:0.40328963202191515-0.4038641442428343-0.4050341536756605-0.4041468516923487-0.4067422682070173, n_comp: -, -, space_sizes: |model_spaces: 600.826-600.826-600.826-600.586-600.826,tot_clusters:0, 0,n_clusters: 0, 0, with params: {}: 
DWSHR_WSHR_2020|, KJL-OCSVM(linear), X_train_shape: X_train_shape:(5000-)|(X_val_shape: ), X_test_shape: (600-29), stats(auc: 0.5681+/-0.0270,train_time: 0.00000+/-0.00000,test_time: 0.05905+/-0.00032), => aucs:0.6162333333333334-0.5547777777777778-0.5787777777777776-0.5452611111111112-0.5453944444444444, train_times:0-0-0-0-0, test_times:0.05941308423643932-0.05936011099256575-0.05911723180906847-0.05866461753612384-0.05867104887729511, n_comp: -, -, space_sizes: |model_spaces: 148.061-148.061-148.061-148.061-148.061,tot_clusters:0, 0,n_clusters: 0, 0, with params: {}: 
DWSHR_WSHR_2020|, Nystrom-OCSVM(linear), X_train_shape: X_train_shape:(5000-)|(X_val_shape: ), X_test_shape: (600-29), stats(auc: 0.6354+/-0.0029,train_time: 0.00000+/-0.00000,test_time: 0.05934+/-0.00009), => aucs:0.6322888888888889-0.6381055555555555-0.631388888888889-0.6376666666666666-0.6375666666666666, train_times:0-0-0-0-0, test_times:0.059448951529338954-0.05940607720986009-0.05932466690428555-0.05919663342647254-0.059301770245656374, n_comp: -, -, space_sizes: |model_spaces: 148.073-148.073-148.073-148.121-148.073,tot_clusters:0, 0,n_clusters: 0, 0, with params: {}: 
DWSHR_WSHR_2020|, KJL-GMM(diag), X_train_shape: X_train_shape:(5000-)|(X_val_shape: ), X_test_shape: (600-29), stats(auc: 0.6306+/-0.0116,train_time: 0.00000+/-0.00000,test_time: 0.01501+/-0.00031), => aucs:0.6303222222222222-0.6289722222222223-0.6190833333333334-0.6222499999999999-0.6521500000000001, train_times:0-0-0-0-0, test_times:0.01548316408880055-0.015034900803584605-0.014691152179148048-0.014666788815520703-0.015166256832890213, n_comp: -, -, space_sizes: |model_spaces: 28.953-28.419-28.243-28.601-28.777,tot_clusters:0, 0,n_clusters: 0, 0, with params: {}: 
DWSHR_WSHR_2020|, Nystrom-GMM(diag), X_train_shape: X_train_shape:(5000-)|(X_val_shape: ), X_test_shape: (600-29), stats(auc: 0.6360+/-0.0024,train_time: 0.00000+/-0.00000,test_time: 0.01473+/-0.00016), => aucs:0.6353055555555557-0.6363111111111109-0.6392944444444446-0.6319666666666668-0.6372611111111113, train_times:0-0-0-0-0, test_times:0.014503567339852452-0.014741216774564237-0.014874371001496911-0.014938460418488831-0.014602599246427417, n_comp: -, -, space_sizes: |model_spaces: 28.431-28.255-28.613-28.431-28.255,tot_clusters:0, 0,n_clusters: 0, 0, with params: {}: 
DWSHR_WSHR_2020|, KJL-QS-GMM(diag), X_train, X_test, auc, train, test, => aucs:, train_times:, test_times:, n_comp:, , space_sizes: |model_spaces: ,tot_clusters:, ,n_clusters: , , with params: : 
DWSHR_WSHR_2020|, Nystrom-QS-GMM(diag), X_train, X_test, auc, train, test, => aucs:, train_times:, test_times:, n_comp:, , space_sizes: |model_spaces: ,tot_clusters:, ,n_clusters: , , with params: : 
DWSHR_WSHR_2020|, KJL-QS-init_GMM(diag), X_train_shape: X_train_shape:(5000-)|(X_val_shape: ), X_test_shape: (600-29), stats(auc: 0.6077+/-0.0182,train_time: 0.00000+/-0.00000,test_time: 0.01461+/-0.00018), => aucs:0.6022055555555554-0.5821500000000002-0.6389722222222222-0.6066944444444445-0.6083722222222223, train_times:0-0-0-0-0, test_times:0.01460419559152797-0.0149446890107356-0.014581304823514074-0.014443197066430002-0.014462275966070592, n_comp: -, -, space_sizes: |model_spaces: 28.419-28.513-28.513-28.419-28.419,tot_clusters:0, 0,n_clusters: 0, 0, with params: {}: 
DWSHR_WSHR_2020|, Nystrom-QS-init_GMM(diag), X_train_shape: X_train_shape:(5000-)|(X_val_shape: ), X_test_shape: (600-29), stats(auc: 0.5963+/-0.0521,train_time: 0.00000+/-0.00000,test_time: 0.01486+/-0.00006), => aucs:0.5090888888888891-0.5636055555555557-0.6296611111111112-0.6344111111111111-0.6448499999999999, train_times:0-0-0-0-0, test_times:0.014905488328076899-0.014759061089716852-0.014859356789384038-0.014931915898341686-0.014832212938927114, n_comp: -, -, space_sizes: |model_spaces: 28.431-28.525-28.525-28.525-28.525,tot_clusters:0, 0,n_clusters: 0, 0, with params: {}: 
